,TCGA-BC-A10Q-11A-11R,TCGA-BC-A10R-11A-11R,TCGA-BC-A10T-11A-11R,TCGA-BC-A10U-11A-11R,TCGA-BC-A10W-11A-11R,TCGA-BC-A10X-11A-11R,TCGA-BC-A10Y-11A-11R,TCGA-BC-A10Z-11A-11R,TCGA-BC-A110-11A-11R,TCGA-BC-A216-11A-11R,TCGA-BD-A2L6-11A-21R,TCGA-BD-A3EP-11A-12R,TCGA-DD-A113-11A-12R,TCGA-DD-A114-11A-12R,TCGA-DD-A116-11A-12R,TCGA-DD-A118-11A-11R,TCGA-DD-A119-11A-11R,TCGA-DD-A11A-11A-11R,TCGA-DD-A11B-11A-11R,TCGA-DD-A11C-11A-11R,TCGA-DD-A11D-11A-12R,TCGA-DD-A1EB-11A-11R,TCGA-DD-A1EC-11A-11R,TCGA-DD-A1EE-11A-11R,TCGA-DD-A1EG-11A-11R,TCGA-DD-A1EH-11A-11R,TCGA-DD-A1EI-11A-11R,TCGA-DD-A1EJ-11A-11R,TCGA-DD-A1EL-11A-11R,TCGA-DD-A39V-11A-11R,TCGA-DD-A39W-11A-11R,TCGA-DD-A39X-11A-11R,TCGA-DD-A39Z-11A-21R,TCGA-DD-A3A1-11A-11R,TCGA-DD-A3A2-11A-11R,TCGA-DD-A3A3-11A-11R,TCGA-DD-A3A4-11A-11R,TCGA-DD-A3A5-11A-11R,TCGA-DD-A3A6-11A-11R,TCGA-DD-A3A8-11A-11R,TCGA-EP-A12J-11A-11R,TCGA-EP-A26S-11A-12R,TCGA-EP-A3RK-11A-11R,TCGA-ES-A2HT-11A-11R,TCGA-FV-A23B-11A-11R,TCGA-FV-A2QR-11A-11R,TCGA-FV-A3I0-11A-11R,TCGA-FV-A3I1-11A-11R,TCGA-FV-A3R2-11A-11R,TCGA-G3-A3CH-11A-11R
1,7.43242762,89.64125789,16.09704247,23.04750275,27.33469276,21.44138142,21.84918505,11.16486365,38.33019018,26.88851868,114.09982502,30.11351963,18.05253767,54.43019024,19.41102234,35.44977598,91.93759848,103.44683043,4.88878872,39.58137637,33.58369199,44.13290745,61.1043189,69.25757236,44.69840509,20.53310732,24.39322075,43.84957018,34.53195899,20.34899996,21.449320800000002,33.10013078,2.96876604,84.75953990000002,34.26283742,58.11657751,89.19053502,6.58637988,0.67276507,29.39689534,27.09021947,14.74311825,9.53943461,10.98891428,35.06328517,49.09948863,9.67982039,33.39772792,41.40729188,24.92767483
2,221.23157996,266.85826468,196.92656459,218.99552141,364.17073133,153.33845924,217.2645864,468.33967806,194.35007314,241.13044141,926.50629284,237.08709124,148.62256904,459.16075423,204.496819,255.33250854,173.21675033,230.99098417,183.29151269,145.96027593,260.95038412,148.57117029,208.13084248,282.48372472,380.8505414,188.80528477,172.73613835,282.68608231,241.7648429,206.01658294,131.26205929,164.92749114,168.2910043,877.59947915,184.30384282,387.08843207,442.30324098,99.15423099,119.9157938,176.55059842,238.70098217,123.102751,141.11644092,579.09138858,376.41251507,875.53484278,132.73520833,134.70510097,397.63140729,262.55145556
11,1.28353799,0.77337943,1.3196013999999998,1.43092023,2.72161947,1.94222277,1.77204776,3.82144989,1.28077779,2.30838098,3.5567981,1.53576891,1.31874899,2.62961962,1.48379503,1.603969,1.79681641,2.98306756,1.42461426,2.40605189,1.40621904,1.42578436,3.06179979,2.82663413,1.43539741,1.41650851,2.47093626,2.45691318,1.64435153,1.63233112,1.08658522,3.58664934,3.76716406,5.84253843,1.47996305,3.18104087,4.18886021,1.71273726,2.14910352,1.37073287,1.30494228,1.12785214,1.37557695,3.47032604,2.71902749,5.58533787,0.96258342,0.99112194,2.92450604,1.17640223
14,1.0676801999999999,0.87052033,0.66699478,2.12651121,1.60227056,1.41782429,0.79837267,6.04912616,0.56810137,0.85467808,2.33216643,1.09853717,0.96068479,2.63519085,1.01398354,0.46425515,1.32382268,0.61334099,2.30328665,0.52374727,0.89522431,0.78209509,0.61697422,1.60087278,2.9397771,0.94952947,0.94694702,0.51812426,1.59970575,1.08336674,0.83194688,0.34985214,0.81256305,3.43640494,0.57725881,1.21523322,2.02914315,0.45140298,1.98814602,1.12683726,2.15951843,0.72708692,0.96566504,6.68120617,1.40393174,4.55134913,0.86994351,0.6101831,2.33504952,1.07355866
16,3.79695718,16.80596846,10.31892387,17.67915301,17.51463959,7.28865369,44.2614742,6.57422195,8.01099573,4.39249214,245.75469956,21.66158382,11.18043719,98.61350252,14.96320909,22.04207119,11.15448711,21.70043948,11.53948995,10.97505429,22.12965354,20.22618728,17.48293644,19.45882982,38.34758749,8.01365166,14.05799119,14.70838479,20.70362923,15.062469199999999,9.11777908,4.44561354,4.29637357,7.01688543,4.31561504,15.98973099,17.10566719,4.30130931,0.87089202,4.70075982,24.0790532,24.32614512,3.97729511,313.15410239,58.40123175,50.16966457,10.39657762,21.32997232,18.82029057,24.38933924
20,3.97464224,4.83765489,2.38466189,3.91387674,4.21518205,3.57736019,4.45583021,4.76013115,2.9015641,2.83936376,6.53856938,3.8683732,3.44948776,7.90910655,3.80920561,2.31954004,3.62370672,3.35073602,6.28181706,5.14237124,4.7025345000000005,4.46268658,3.58144382,5.40346573,3.41235443,2.58145044,5.44163522,3.08593878,5.38820505,4.45410074,4.21662154,2.49302468,2.83375716,4.40684188,2.5333456,3.0534435,5.32237936,2.64544583,2.63936431,8.26939606,9.64029311,3.36955866,4.0171242,7.32215473,5.78927374,7.64510324,2.32841055,3.05737703,4.19340437,5.20240487
22,0.41980315,0.06838393,0.18452053,0.59693922,2.9777833,0.20167125,0.90180386,2.61399425,0.17565187,0.1657764,0.31755343,0.45353266,0.5555197,5.67498727,0.12929901,0.01350728,0.13148567,0.37155570000000004,1.35765052,0.77363084,0.66637133,0.57422136,0.0277673,0.25843857,0.66138673,0.06570536,0.11276681,0.07556373,14.01597211,1.30735919,0.04521331,0.05002764,0.02629745,0.49779815,0.0538842,0.10715228,5.15598741,0.07880015,0.17145431,12.11522294,7.89594667,0.11397394,0.23867329999999998,42.60139303,4.00441381,1.95167132,0.73538302,0.07683262,0.14433005,0.12293286
27,2.56745468,10.16521894,2.98720743,3.4523803,2.36586869,30.29518761,4.9361939,30.88236307,2.57257273,2.4586208,2.70152523,5.06368703,3.60581309,0.65076359,1.88390241,0.33043438,1.07219617,1.92937949,15.49358498,17.32880017,6.9991073,11.51482849,7.35889888,1.3102114,2.26459918,18.24624629,5.75439514,144.45625285,13.94270531,13.83183465,8.45684251,11.2878037,10.18598668,15.45240799,5.72001008,3.74993056,82.64319977,2.65061629,9.15768167,41.19852921,0.56454667,2.36342835,6.98967413,11.51847141,10.06372609,36.17231521,14.25594854,12.0411134,6.97334199,1.61934637
28,56.45170064,37.17224516,70.90353998,64.72355391,110.20149163,51.94625328,90.28486078,121.59538941,31.92624115,32.430501799999995,80.94850840000002,62.48939325,99.57061786,72.47581201,35.10855986,36.66365611,32.25171335,46.85382528,80.15798351,42.43040851,74.17248562,44.26723577,41.63386598,43.39991579,79.73213317,65.35799608,59.33000104,99.4459507,59.98344796,56.73717439,64.0732057,50.53745795,66.88248914,157.65680405,53.25203742,84.80383902,145.93050496,62.28845061,82.00611662,79.75501039,51.95466579,83.06964939,62.74925817,134.39144501,70.24750631,146.90359462,61.267928299999994,45.39367111,101.63535487,82.28624073
32,1.70154378,3.03500663,3.06947851,6.68834458,9.96896125,4.63293339,5.4123779999999995,5.44518045,3.10966507,5.42441366,6.43296052,3.65505379,3.98767008,5.82093881,6.49388783,4.85486077,10.61104487,2.62909301,8.94128464,2.12481712,1.82727612,2.70093896,3.41463318,4.28010546,8.67993794,4.18295816,21.10683687,1.91312333,5.34306907,10.58742669,4.34887984,1.32799168,3.80456625,8.62810219,2.95991506,8.93797821,5.53677827,1.56977613,1.01545625,7.43391741,4.65167436,6.35249197,3.22472742,5.69842929,6.97619336,5.88171471,2.59205037,2.03209053,7.73896669,9.36931006
33,1.26516937,0.76863184,1.0621181999999998,1.95052158,1.56435818,1.20422381,2.08687044,3.05549882,0.78850462,0.95906077,3.40239422,1.46445071,1.55234043,1.28198473,0.97558109,0.74124469,1.19970058,1.16805677,2.00812778,0.76725616,1.00888033,0.6960430999999999,1.42588227,1.5918141000000001,2.14334323,1.36301268,1.30011235,1.58625324,1.17696264,1.0031984,0.78222212,0.70879173,1.07800484,2.67897231,1.00263996,1.98369457,3.05551985,1.08108674,0.81619939,1.21469865,1.14552506,1.22925355,0.76474454,2.08072179,3.15315969,4.36845275,1.41062571,1.46049101,2.5956196,0.9691069
39,32.60942938,28.07674053,30.90014257,35.87649195,28.5697781,36.42731336,37.84672005,19.58204563,28.46454378,30.52539375,60.86489123,24.41186555,23.45882505,37.29086883,21.62422307,18.54235502,31.12782349,33.81706726,27.32705147,26.88766723,27.88661456,27.23987318,57.31155401,26.13912059,25.77662231,21.74126978,34.00645405,24.64117225,43.31451785,24.12760549,23.86819981,16.09925082,18.82542656,17.04099542,22.13487636,45.94187759,49.50514627,9.02269965,5.48192435,23.16987317,29.22500565,24.21906308,21.28862252,32.67543762,50.34469364,65.57141504,17.95195968,23.4890194,25.74231215,27.11328946
42,2.05613333,2.16770347,3.3073553999999996,4.39354281,30.58385814,0.74366274,0.32327956,47.19983509,8.202392399999999,8.38178107,12.55124522,2.17407296,5.55785061,5.58040415,0.17040897,0.40350884,1.80684614,135.09097992,1.12892459,0.11555498,12.33355421,0.45084111,3.24889126,1.38155302,2.67148828,0.24535546,0.23160019,29.14799513,4.54029023,0.57015017,0.16883452,0.10674977,0.44517037,6.10399895,0.13797474,3.4499718999999995,0.77148831,0.72092169,0.2731694000000001,0.18294344,1.40000074,0.19151951,0.35649936,15.60455955,6.59353296,35.84929189,1.39675656,0.17214398,2.29953714,0.18362123
46,6.17652374,2.52829711,6.38849682,46.56029074,13.75462384,12.342686800000001,8.40987079,77.62343642,1.94959676,6.21108702,9.87337565,16.31732384,32.34056512,5.1432204000000015,9.52512025,2.67337216,6.74268648,3.92625818,7.9476259,0.8859423000000001,7.07813525,3.00318809,2.23988756,7.06535505,15.96524659,5.66460334,9.23456238,5.17025055,8.52017876,8.26414384,2.87867838,2.8104717,2.48497515,14.00775873,1.81627609,10.25911406,5.02011192,1.40467817,4.39615465,1.64077648,10.16285056,11.48207125,5.45851765,12.56306019,16.60981244,34.78090323,10.30265355,6.15077296,12.532409300000001,7.82971463
49,1795.40892063,1912.12838822,1500.65650267,2139.31881559,2683.91816034,1135.62395605,437.72956871,1462.59399771,4348.39983262,1762.45041045,1206.26299552,1648.09529485,1591.94688526,569.62723617,627.88596885,1548.45519081,1534.23596024,2105.77406329,622.72509689,479.10091528,948.87709561,935.39604399,972.13394408,1278.03652644,2461.87137395,1026.80271594,555.5341879,915.48500127,633.75040676,1682.72364974,931.66091718,1824.35474916,1185.52091149,3957.71930905,483.76777316,2806.02889489,1283.55302616,2352.31112418,2319.88704394,1183.18193198,313.498417,318.4167818,494.91087777,424.5073931,376.49819226,1462.15187612,2445.88633217,364.95233582,1470.78069113,1147.80724105
54,4.08678999,1.72588596,2.2104039,4.47979348,4.20435502,4.23968419,3.52385825,7.88066832,3.38720339,3.55631029,12.17405782,3.34119248,3.75820802,3.12107202,2.1512439,2.06890628,2.06736167,3.41661534,9.02598205,2.2386459999999997,3.79056333,1.94127639,2.57764067,3.48025495,3.4211300000000002,3.33086277,3.31832251,2.4934667999999998,1.82324553,2.99806855,1.81658137,1.01381715,5.08836493,7.72752096,3.26921326,4.53829812,7.27093901,1.07153685,2.53663127,4.9032018,4.5852532,2.99428229,3.37134302,3.52330216,10.33828476,10.6384374,1.72244385,2.58270128,6.30551415,4.30413935
55,4.69197544,10.85272702,30.72483518,43.24071363,99.32129841,11.9395819,16.00985748,67.66709486,6.55788841,20.45955708,13.672678,43.66399465,15.04152561,24.46295522,10.27874505,4.829693499999999,14.98896341,91.98584601,14.16619154,5.68857764,32.66592517,17.19489387,8.84315551,10.34162281,21.57856949,21.28331105,19.14440914,52.04009929,22.68803937,10.21805011,4.25893385,4.4033027,5.8136648,22.73325771,15.41947637,45.04249939,46.92838935,13.82287679,54.86737468,23.26058993,5.74671937,7.74384582,7.73817533,63.11231157,54.02989893,99.68017765,34.25999986,9.72058834,19.20925429,2.30869643
58,3.01485553,4.71186341,5.51375378,7.71069512,4.22367849,3.32274841,11.96955951,18.82230249,2.87809427,6.0557769,30.67072975,6.02870054,3.80694168,35.99558566,4.10552691,3.6624866999999997,2.98568836,6.17201105,10.741093300000001,2.07179436,5.42316266,4.93492046,3.66383944,9.55055448,24.41640817,3.40234945,2.9845217,7.34611739,5.18450727,3.20244459,1.98649985,2.38642518,3.52124748,10.163030099999999,3.52381948,15.6729421,6.95395398,1.06338298,1.1191954,8.89189479,48.20479673,7.07022438,2.51212439,123.78254751,10.29112212,29.81394856,3.13031968,3.3596565000000003,12.69872498,5.7375375
59,31.43963466,15.09379911,8.55762577,14.30269084,27.2308089,13.91264021,32.17824725,22.11681682,11.45169892,6.79108293,16.50571812,16.66564581,30.24389534,6.56021579,17.80428571,37.43762623,12.25466354,9.9375726,12.49120604,12.7648462,9.87492102,14.61221923,27.54967701,6.43446568,12.64443339,41.62964473,15.0317981,15.36486176,46.81211596,6.20511905,31.18812439,54.67385855,21.53141895,73.01840189,18.80780793,37.19872583,55.88724196,28.64594880000001,78.63548881,28.42194688,9.55752681,26.33248482,12.05750977,33.06305026,27.26858683,37.06586219,36.29132960000001,19.96834236,45.97067543,17.06331406
61,102.70267245,20.859383800000003,30.24512469,31.607789,65.41902037,28.20397677,2.36212809,62.46968362,168.03812049,25.61923099,50.85572603,55.66966734,44.71704816,154.06123694,39.63401785,7.40200161,48.6604655,44.37613105,161.85336802,10.79228645,10.44826228,22.49402212,11.08140147,168.59791318,70.11825488,21.67742894,2.62186152,42.13544681,88.69613740000001,76.73406256,2.62583926,50.26607059,47.37113039,54.53420526,4.11415474,2.50884182,7.78191023,34.72923898,5.20750224,59.98740888,255.53005559,9.04832926,0.83751681,61.99076218,21.9373442,45.08833424,34.94389099,13.47700205,18.01608994,18.07333371
65,74.78984333,78.79881189,30.70988008,39.66247424,59.26494497,51.51107757,55.85685257,34.71705662,34.75776408,23.26948665,57.38477023,51.54526181,69.56796949999999,46.0784944,36.66342848,54.8842287,104.11404707,55.07657871,35.32911013,88.68203922,58.5481566,81.26375258,117.39065722,40.9436135,44.26458727,67.52778546,44.20360029,69.48435136,69.30243872,32.10529421,84.38828428,105.99989805,32.41946325,42.44240449,30.58928465,43.48767582,66.41413518,61.5679215,39.84169539,52.09280169,52.0490728,38.54774956,55.66776278,78.26980652,127.45754501,56.70774791,63.14945423,60.61084809,33.27584051,76.31899748
66,4.18665203,4.77242397,3.62113317,5.22947104,4.2873082,3.71327102,4.9174487000000004,4.59228355,2.87023873,3.01848349,4.86744973,5.51724419,4.96757448,6.06225561,3.60649806,2.25635658,6.29644204,5.35519485,5.68816845,4.99854704,4.24750691,4.88219179,5.02278283,5.36884392,3.29447999,3.07717375,5.21055862,3.67411378,5.3736973,3.32027017,3.04987809,2.73051714,2.65248669,2.56097952,2.7517994999999997,2.64514897,5.96829398,2.53159569,1.80301842,4.28925227,6.3238651,4.14779212,3.35606838,6.32876352,6.59897323,9.7715578,3.32133192,3.57308509,3.23762231,3.84309241
74,26.82306144,13.52873953,16.65804673,10.17544515,9.25632022,17.73117895,24.83164193,8.97090033,8.13169164,15.09512963,10.11445502,9.28801782,20.41907346,16.91592385,18.03063302,14.66593263,9.60666055,15.02430338,11.3586539,24.14290334,23.71850665,21.83390551,11.69490255,7.00447386,15.65881724,10.45263353,16.31433905,11.22465872,15.61975028,9.65378283,9.55198217,18.56848204,2.44843703,15.47406963,22.55657089,11.87501668,40.28468364,19.33894528,14.187053200000001,14.78304999,10.12582356,7.09771324,11.34710045,15.43432799,20.4484296,20.72234118,6.08606163,22.82629296,12.38243261,16.41460846
76,1.2280826,2.49629537,0.77102494,1.03064313,1.36464713,2.33166111,0.98091378,1.68336618,0.52673395,0.93226145,1.91593483,1.81843359,0.52739246,31.77392789,1.27753722,0.53971355,1.34263798,0.62767501,6.11040057,0.48657984,5.03799514,1.09491956,0.50681041,4.79084471,1.28206924,0.4740311,10.8056897,0.60572703,5.9630233,3.43878267,0.92002672,0.71391616,1.44643423,1.6532691000000002,0.49554613,1.3038332000000001,2.52109283,0.34984828,0.49901153,12.04599809,5.43277062,1.28610625,1.37888466,7.76606299,6.22359136,4.44512103,0.84644849,0.95938048,1.48803527,0.888648
77,1.33585062,1.06827672,1.90755897,6.21199663,3.48961672,1.12340541,1.35846198,5.6780488,2.17017592,4.63027615,2.1771380000000002,8.48696276,2.7894181000000002,3.96762777,0.88793954,0.5086787,5.77697687,27.31642915,2.2840929,0.46129796,1.15171487,0.89641813,2.98606787,4.64436975,5.2153822,0.49488719,0.89358703,4.26064269,0.87932255,1.36563098,0.76622137,1.41750067,2.29981476,20.83954027,0.52180873,1.6440148999999995,2.70726452,1.64453415,1.14789272,1.70406629,2.13926612,0.84055787,1.11778011,23.54138344,2.83995389,7.91161168,2.65545323,1.26589928,4.61405796,1.28204286
78,1.35921789,0.69772978,0.18648235,0.66117239,0.37841419,2.04606086,0.29918794,0.39640785,3.43955928,0.16205060000000002,0.28943258,0.48739233,0.39120835,0.21013039,0.68941654,0.64018001,0.25446451,0.274117,0.62190134,0.69895238,0.1373164,1.0859956,0.47706288,0.17728434,0.53531922,1.14833024,0.47182804,0.34321321,0.68911247,0.70103551,1.39734421,3.4041763999999994,1.12692788,0.6309815,1.030661,0.71945404,0.53683837,1.36551644,0.94127372,1.0642345,0.47956584,0.33761332,0.66892831,0.20503799,0.81258436,0.28765171,1.1295146,0.80226674,0.7182573,0.59384687
84,13.56976083,20.90301192,11.216112800000001,18.77225913,33.103682899999995,34.3789322,15.64075793,17.57159457,13.49502603,40.58739401,14.70275216,24.10263695,46.74365412,15.90682525,42.24028626,36.40077135,27.83914376,9.70157784,32.02706003,41.76169889,29.83626554,33.84751961,28.79159555,19.64898643,26.37595793,27.72938985,26.75765863,32.30552776,29.11768451,20.95281423,32.49665326,21.51558577,28.70406019,13.5261758,26.12936702,6.81082522,24.02104853,41.52109677,32.97150363,15.03832252,24.1565273,27.40078786,26.22891262,18.23396797,26.98446474,21.49587979,18.92843849,34.61136985,16.23565411,33.0315862
90,44.89382422,40.75113315,44.28841974,24.97273939,36.41764798,39.80460094,65.65179893,37.92634297,73.23312507,47.01912956,35.88148086,40.63423548,20.11086252,47.85227359,24.798499,53.83235606,67.50798666,53.16544847,17.92982179,37.03572849,75.95264537,46.83221488,39.29473134,45.97519625,51.55141489,44.40779561,24.55782771,66.22998534,53.71193655,41.50925249,46.63605755,35.23766489,6.02222434,77.64389535,36.82919435,90.06419004,110.76659937,15.53438509,1.17140443,25.33636908,20.64496381,42.80085702,29.18107223,38.47742633,29.33653209,21.53699051,18.24653831,57.25053883,57.37565437,32.05250912
91,0.6945755,0.65716635,0.75707312,3.45158923,1.53107678,0.49232748,1.43413153,8.08951356,0.58034164,2.06974957,3.81648466,1.6184707,1.2282165,1.22047086,1.60212089,0.6783326,0.85596745,0.57699508,6.59940834,0.18886168,0.40416668,1.23236125,0.60685131,5.12317909,3.06676977,0.56140845,0.76688099,1.14195132,20.46659112,0.81203778,0.52560215,0.7876099,0.8804343000000001,6.29827296,1.20268943,2.98953374,1.76970003,0.81070183,1.59451718,2.97576766,1.72353739,0.79496433,1.02445414,34.42437782,14.24023151,55.1419611,0.70923253,0.69667638,5.44958719,1.55660595
94,27.50442903,34.94457169,32.94831231,43.94770419,33.41279783,19.539738500000002,41.95326836,60.90071325,21.463272,41.03048977,106.553018,42.75125442,24.33438352,48.57276783,30.29019563,29.80518114,25.16065994,39.08695878,26.5903554,17.23069293,33.41852247,24.47544961,27.08607561,34.66885426,66.66685089,20.47338011,24.80411805,40.14292176,33.63126404,21.05707149,14.96070879,19.01693782,15.20518681,48.05083538,22.34500962,49.90855614,46.77993853,10.1701454,10.31812073,25.80379181,26.68645357,19.69006818,15.24617511,79.18442377,47.32184499,128.43282561,20.83676026,18.18916425,46.80671919,35.37251228
97,50.07230538,5.13903232,0.92684165,4.23308944,64.0289424,14.89737359,0.39113914,4.35320102,0.26314049,13.14461298,1.25813216,1.32951204,56.89778159,0.21366412,0.041235900000000006,0.12815495,1.28315801,92.18888117,1.08133516,6.94686519,0.06544951,3.2429281000000003,84.59306707,3.28165518,2.39894307,0.10018957,0.07642237,4.28454912,16.04450778,5.88511519,5.17836027,0.72651152,40.56254055,255.09059574,39.19889638,0.66162511,278.13798143,5.55392033,17.537706699999998,0.24901322,0.0769943,1.45791355,0.60967134,6.89458607,3.71812251,0.14194324,0.92290937,2.30408332,8.77707495,0.46141993
101,5.32228413,10.765342599999999,4.63085584,3.27672266,9.37797918,7.11832468,6.74837639,1.75210421,7.09697051,4.34629203,12.84398808,5.85704951,2.45902096,345.53090124,24.09451438,8.45472179,9.12486256,6.52115072,3.4325835,4.40647778,146.92129904,8.81367116,3.83250787,136.73760369999997,37.75602042,3.21010382,18.62470591,4.12427631,30.79998113,5.7285279000000005,4.70949669,4.49765586,2.62470174,12.67261603,6.83648715,37.64158036,13.47411776,2.22987155,1.60343756,4.72486628,373.53694723,2.99779381,2.07813252,464.05899399,8.70899882,2.81378508,3.88659015,5.27288689,48.36838214,89.37660684
102,1.46753881,1.71322814,2.96131606,3.88184075,2.64377328,2.08415035,2.928048,6.5712114,1.73013855,3.95593191,4.37563007,2.20377506,1.50466327,1.36844305,2.54954984,2.27404222,2.01600197,1.60178417,3.66081563,1.35188294,2.56226637,1.82038395,1.64174898,1.43124545,2.90554482,2.7469653999999997,2.22481024,2.52256148,2.93182879,1.85044601,1.82369965,2.18082301,1.93696647,5.19447326,2.38943839,6.87230596,11.68689711,2.57631344,2.62022965,16.27060548,8.40013957,4.85596172,2.30440768,4.76683894,3.15187674,7.84949654,2.9614244999999997,2.15106889,12.69185218,1.97584006
104,2.44146097,1.59709502,1.21678452,1.24959817,1.44489377,1.75945569,1.11787819,1.36555723,1.54459788,2.19792258,1.51838834,0.90952503,1.97717998,8.12222177,5.07482999,2.4751506,2.06926371,1.11083601,3.09282021,2.85613615,2.48799597,2.30920394,1.22716247,1.68611086,2.40986617,2.18671575,6.50308828,1.31000834,3.97616142,1.68695213,1.9738126,1.89509809,2.58897309,2.57061244,0.92932155,1.12934371,2.19769113,2.32522922,2.50113858,3.89465066,5.54143879,1.12104494,3.25544937,6.99264537,3.24581047,1.9190177,1.48749914,1.39757146,1.23423269,4.30151699
105,2.7882740000000004,0.45984398,7.37344056,0.2823782,8.07510058,4.94976878,11.83527388,3.0272373,0.33947035,4.14838882,2.19812113,8.92931981,3.16457565,4.21273222,7.16316541,2.14927962,2.87901027,0.00953425,13.13421913,0.77595173,8.30742931,0.93112203,3.31060262,0.60120972,0.19636665,2.77013805,16.35231578,6.020415,5.24830999,3.17965024,5.51361292,0.47626319,0.28015552,3.16460707,20.23120927,0.34812585,6.80880306,1.36639474,5.14545832,19.81507483,4.38423859,5.52203782,19.28223244,0.96325991,6.01418812,0.07121219999999999,2.623774,9.43043675,3.5397428,1.1638905000000002
106,44.28552607,20.38210611,7.49545058,5.81189038,22.58893341,46.72527663,13.40797241,7.60984637,11.65086682,4.98691584,6.82887915,85.85897185,26.00663883,52.52244404,19.57159973,13.67907806,10.8727546,4.516960299999999,43.51133682,49.53940661,25.45532026,121.86926435,13.64355879,10.00079604,6.57846519,37.8889706,45.73677853,20.35934056,52.0636062,10.90279982,53.97530569,25.48443959,13.39722853,6.00033877,5.60639882,11.37098242,28.98779814,18.51580364,7.14509208,86.19824554,33.12958997,17.10632163,54.08906222,21.85466207,29.46456918,16.96024058,18.34594597,16.72104186,11.00837619,20.51594602
107,774.08270587,708.33374743,402.6013557,661.07095282,906.44841658,477.73827555,200.26454373,426.62381533,1336.51930917,607.65780307,338.86104277,481.32043093,607.67240198,186.47231684,338.09676641,649.88276063,441.82350506,644.56012556,282.60926528,147.11366304,307.51964887,209.57074313,281.20636297,412.91625822,987.56041889,400.31683468,232.82236365,274.98045847,221.70185515,547.33464706,250.03711849,898.74282563,414.51645533,1106.11025655,189.42470928,813.56757027,413.22363741,691.41962793,804.85264947,216.22700821,97.81204644,205.67620197,311.50719258,87.11230034,145.59112191,353.94501547,657.76418057,119.11087697,632.71910598,498.18342348
109,17.00021376,11.44448059,33.14170185,40.33853677,37.04163865,27.90858018,33.10948501,85.89640067,12.8448756,21.21011675,54.75013331,76.44814506,45.15996968,75.00281196,29.84543894,4.53813206,3.8425565,24.3511116,70.87660186,25.52279808,49.417774,68.51252205,3.02548442,51.68288031,72.85970334,10.42106292,13.90829438,69.7539402,26.689242699999998,73.96572287,12.94459741,19.61037271,8.47632998,36.30492929,7.50190934,22.88077733,15.86136791,14.567229600000001,16.2627973,106.63728465,71.65593886,94.30519096,109.97218911,159.90503565,65.18780147,133.25872506,38.82718713,27.19789336,41.49326764,32.20868128
111,0.08955384,0.11325879,0.0560048,1.30443896,1.55245342,0.19149474,0.06721132,0.89508039,0.06890163,5.05616622,0.21940021,0.38094971,1.34003286,5.83372058,0.47965167,0.15487636,0.96991006,0.21301535,0.82649545,0.03326457,0.14395526,0.04220576,0.05306392,0.70963023,1.25502384,0.04237798,0.27880297,0.29241806,0.91002117,0.07112212,0.03456145,0.03277849,0.030152999999999996,0.21902099,0.05737117,0.30032990000000004,0.11429026,0.06776498,0.01965918,0.05266355,1.7993211,0.02450325,0.10525614,10.32226196,0.5287472,1.48459745,0.08848394,0.25327977,0.58473404,0.29817711
115,109.80914378,166.40908298,221.83499817,161.55364339,100.46130693,175.31101105,199.21355266,220.02772992,96.13194876,256.14881215,201.36575547,136.853507,163.70775523,51.99700197,128.83730784,198.65907643,280.96491197,245.79557312,118.44632719,158.8099469,112.46539392,190.52609173,392.63664945,267.82915928,179.67373195,129.35522833,143.16205738,260.02231055,134.43839162,169.9187911,172.54637912,242.65874759,252.96683023,213.73158458,290.24943502,404.38255992,156.56896673,216.38274149,135.70317515,99.76952348,83.25441653,220.79127264,155.27288533,72.96093877,111.15916677,138.52877849,171.69264327,196.74687836,217.05734995,104.73589721
116,0.97921527,0.53116129,0.62681066,2.57687942,1.90036443,0.29690171,0.34261714,1.24733133,3.6106825,2.41852708,0.19798358,5.61002963,0.43007516,0.04791256,6.24161607,0.10263492,0.0,0.24503769,0.04254056,0.17635266,0.32288427,8.87186513,0.02813192,0.20670963,2.51984674,0.13729682,0.14994996,2.98568363,0.63480145,0.07251057,0.05725878,0.35841235,0.25310633,0.61575772,0.01169823,0.59707632,0.24787292,0.11975236,0.06948229,0.12408739,0.19423564,0.02165073,3.41785453,0.99074963,0.35937965,5.59913298,0.63466333,0.16054817,0.26320554,0.25867481
122,0.53294443,3.65005112,5.19543438,2.1425915,0.65652292,2.18007576,1.24366786,5.42892758,0.99339476,2.39098871,1.92766027,0.35151931,2.06585007,1.31797285,0.57690101,0.62868666,0.22162611,1.03529058,0.26540633,1.34474591,8.50172517,1.99667704,14.7057986,1.92273715,1.34354411,0.8495020000000001,0.60748235,5.88709208,0.46897788,0.14805367,5.65508772,2.08620424,2.9768776000000003,1.41026838,2.80436003,6.26665037,6.60757778,0.28300114,1.51722581,0.29911069,0.53858521,9.56179727,0.98112539,0.18037136,0.05888432,0.66194098,0.28171075,3.33881345,14.05471863,0.70096353
132,4.66167701,4.0413318,5.87946244,9.13082078,6.46883832,4.94388588,4.48056865,4.46100908,5.13003681,6.21800418,7.652157400000001,6.41349832,4.01104675,10.71519836,2.32921405,2.19068147,7.37248792,7.40078264,6.71058186,3.91861312,4.53331415,3.03544212,8.34021445,7.44790885,3.79755038,3.19330827,5.88283351,5.48897476,6.67396724,3.38061524,2.71200184,1.48302522,2.56848298,2.34270697,1.68598631,4.87694973,11.24651229,0.6394934,0.66928047,3.97335787,5.76159652,2.3193361,2.23997373,5.81105702,8.37370404,21.04538485,3.3296875,3.06821922,3.5854844,3.84810898
133,37.24678660000001,33.14308338,37.81521302,33.68177516,59.90243094,39.58092809,20.68254849,91.96344346,20.53830894,107.14555288,29.003669899999995,31.73673909,63.339695400000004,79.79456408,52.30729203,68.03448315,124.86843385,41.29099191,35.16156592,49.37325291,58.05881732,39.90985282,27.99520527,63.53906565,59.87249010000001,30.66723567,39.70570918,63.00128742,63.27204378,53.31357099,39.29771753,81.39645041,32.70338037,84.68025229999998,70.04073629,87.05037974,52.94647961,44.22723312,63.25161583,89.20086349,38.871331899999994,48.67772769,33.10032075,45.49423576,50.66469486,61.24985533,42.55158499,33.82014906,192.44616343,68.40243034
135,13.44029395,17.62452642,20.63097565,19.79669624,23.77955019,10.99918825,15.02815846,25.59336026,33.27539559,16.84639507,10.16953219,16.23416072,29.72244777,36.9609381,17.35746306,9.04773585,15.93177587,11.09914443,9.89929683,10.47662605,17.67180017,15.57183812,9.54237236,15.69450308,15.47431239,11.66133858,11.37569282,15.99003379,18.26015523,28.04807807,18.38184086,14.23577673,9.04883299,23.04442155,19.13682675,16.24362193,46.83809618,12.40639723,15.02098902,22.03865732,19.46933343,12.36330534,12.03111746,30.85554553,18.48229225,13.9743199,12.43059312,11.77517795,17.53047153,15.63785296
138,21.50085126,23.44090266,30.52230341,57.55213632,57.54335803,22.392297199999998,15.54606995,49.40963095,28.54485213,25.59300875,33.82112634,33.05996023,40.97528952,33.74342244,18.98508409,24.97081693,9.01423047,20.55226114,29.91459135,17.90271015,31.01195694,23.22841226,18.073711,14.62427156,44.92996091,11.5959318,16.7495261,13.76147267,18.54750668,19.63904093,9.522398599999999,11.52122666,16.23948622,24.59245491,13.26002407,16.67015423,14.18375012,15.37960253,21.651187300000004,19.70480528,26.08774732,12.91887879,13.78407031,54.62071893,23.71393342,79.20086647,32.72980773,18.49165413,18.83889841,20.40787226
140,16.63960044,10.94097605,22.06493134,42.37642176,25.071986499999998,14.816580199999999,25.24428559,127.04482685,12.26156508,26.69626733,81.53365666,28.65349255,17.886087300000003,21.94997281,17.72421837,13.84081064,8.67429891,11.65884798,28.79965571,8.31091456,19.73218628,9.44469734,13.28950796,19.16460199,48.43865135,12.26763429,17.13757986,22.11529904,18.294834100000006,16.87562325,9.23169572,12.68285115,12.33250297,62.15882657,17.30230748,30.03213964,27.3128219,10.52057177,14.45174479,22.03477806,17.13381055,21.51516518,19.74208062,50.76453466,51.23251267,181.12441335,14.51714589,10.93248772,41.0286211,20.04396778
141,1.875332,0.30588915,0.43696663,6.36862169,7.29522451,0.89887675,14.91610476,80.56500416,0.34027779,0.61017885,4.44867069,15.95329201,64.030125,372.9580776,1.43474457,0.27965662,0.47388119,2.83034662,21.8303348,0.84536026,1.73291101,15.75005732,0.37261890000000003,24.04706329,6.04311251,0.52903365,0.68096542,2.44088065,17.21557354,3.21607691,0.20802272,3.96226501,11.65560176,34.04865846,0.63750027,0.26019381,4.0544657,0.83840386,5.48248769,1.43227024,23.99582349,0.40967556,0.44346998,230.69435343,59.56965114,17.28002104,4.05176973,2.70648879,4.49340962,1.17471588
142,39.0545679,93.29181156,141.89033266,95.64724095,169.93826829,215.49409307,17.22829204,37.62147912,126.31115282,167.05713352,88.77582859,46.75106722,129.91755832,16.1124692,44.35031495,129.58275491,205.35786342,75.93591025,28.81993776,39.68075044,84.61995195,37.92407457,144.42800246,165.2451517,57.43453784,101.92381656,38.515015999999996,39.85450565,19.51787638,101.76385388,131.40553576,139.09966369999998,120.25043863,245.30916132,57.74482811,115.77401559,92.93638041,133.23036614,226.76681549,60.76209728,4.11709636,12.32269412,26.00849899,1.58976825,12.991698300000001,30.8355451,131.9194645,30.11744448,102.11836329999998,77.67547636
146,15.14194573,146.34868731,306.6649619,91.28511907,300.7022229,393.43153277,9.33283427,68.31856283,439.183793,407.61213175,151.70184059,195.92205462,189.78561914,7.17296762,33.0468967,272.45525828,369.58053355,154.36269464,68.77450153,38.52927701,98.63377732,101.14816629,281.8188158000001,340.93881593,81.02654206,143.97367083,40.06783898,143.00246091,4.90334989,209.48516244,237.24046996,248.34059849,107.62132252,522.65895524,81.26634436,77.0666147,105.97167345,163.04706378,370.8307537,137.43065431,5.2405116,3.41919876,45.76897656,0.40196389,5.59896607,33.73155394,260.1329646,52.68112024,285.1211367,133.86212724
147,156.09232019,214.60181274,100.82343054,241.65488238,151.82538589,155.77366058,13.59644513,28.93456367,637.36613432,225.68747344,79.13668672,43.93281079999999,70.42113,13.24309287,22.59438513,146.95490297,234.39756295,103.65141896,16.36321471,26.60641298,76.15544399,28.35981145,92.46084481,131.59109282,97.30074514,73.825467,23.12831505,29.82270309,19.85706226,89.23142341,60.41713066,111.54157708,54.00337194,267.2847975,31.440689399999997,236.16840532,87.37476612,87.13319117,95.70854144,21.95240423,6.04838512,8.78302669,24.04449334,2.4681095,6.66416546,53.23871538,243.98771669,16.50476181,117.44965281,68.74928395
151,2.27244051,2.21877502,2.73316176,1.33636927,9.53729934,2.60046622,6.43079378,18.38732517,0.48905959,1.82410006,33.82167349,7.94534396,2.66150592,65.07920696,3.68556748,0.91462005,5.56456241,5.38489546,13.17949777,1.39147463,24.70677776,7.80449961,4.36756978,10.76460069,5.16441354,6.10015025,11.15540955,3.70424397,23.28058616,1.79716087,0.66971028,0.71077555,1.87342531,2.79262275,0.66783608,4.93784638,3.22130209,0.35433056,0.36280311,1.53342179,31.37274394,0.67829828,1.92303982,133.42219004,23.63565709,59.85191675,1.53688425,2.47935162,12.0126862,9.94497318
152,2.43010518,0.3053417,0.39061306,0.78612822,0.35073425,0.76734343,0.22176636,0.18193474,0.69589326,0.20631963,0.11476773,1.01218483,0.97129647,7.43400379,0.3421427,0.57115896,0.52575922,0.22495806,0.13851599,0.54521948,8.65690923,0.89856373,0.59401293,0.1386923,0.05587233,0.50000758,0.44597808,0.24171961,0.80751633,0.31193965,0.85649342,0.13717082,0.09463780000000001,0.03818978,0.27009654,0.04284596,0.34240481,0.24813391,0.41134681,0.19283726,2.00594977,0.17731008,2.11978078,0.10379109,0.80375537,0.06852259,0.55542891,0.48963714,0.41263997,0.9046593
159,0.0,0.0,0.0,0.0,0.0,0.0,0.0,0.0,0.0,2.7036234567901234,0.0,0.0,0.0,0.0,0.0,0.0,0.0,1.4351358024691356,0.0,0.0,0.0,0.0,0.0,0.0,1.030253086419753,0.0,0.0,0.0,0.0,0.0,0.0,0.0,0.0,0.0,0.0,0.0,0.0,0.0,0.0,1.4254135802469137,0.0,0.0,0.0,0.0,0.0,0.0,0.0,2.579135802469136,0.0,0.0
160,3660.6992363636373,1706.960468181818,1925.4708954545447,6871.384486363637,3228.5452999999993,6685.990609090911,10642.132336363637,11095.681177272727,2657.1421409090913,2537.0044272727273,10588.227881818182,7642.215168181819,6640.5527454545445,8138.171668181818,8745.255745454546,8419.486918181818,2791.934304545455,6724.303127272729,14491.080686363635,3490.91065,5991.866072727273,2780.1195181818184,9029.015113636364,8846.606295454545,7903.512872727273,4871.5742590909085,31105.094913636363,15030.197913636364,2271.8475272727273,3971.439545454545,3624.213109090909,2142.7888272727273,7605.570372727273,22797.815995454544,12234.604577272727,17450.767890909094,6635.299518181818,4044.95065,6330.107099999997,3189.802240909092,16384.443336363638,9409.079486363637,7934.6797636363635,11814.341604545454,68423.71310909091,22403.44841363636,1397.9466727272727,7485.628695454546,4961.244454545455,5751.8501727272715
161,0.0,0.0,0.9149500000000002,0.0,0.0,0.0,0.0,0.0,0.0,0.0,0.0,0.0,0.0,1.2521857142857142,0.0,1.7908285714285714,0.0,1.6606571428571428,0.0,0.0,0.0,0.0,0.0,0.0,1.1921499999999998,0.0,0.0,0.0,1.5603357142857144,0.0,0.0,0.0,0.0,0.0,0.0,0.0,2.257392857142857,0.0,0.0,0.0,3.692914285714286,0.0,0.0,0.0,0.0,0.8759714285714285,0.0,0.0,0.0,0.0
162,152.36188356164382,239.96987671232878,90.36698630136986,137.3109794520548,107.61138356164385,141.6588904109589,53.143630136986296,94.99726712328766,182.5683493150685,75.99768493150684,92.50773972602741,83.55370547945206,110.18650684931507,171.70358904109585,56.77710273972602,164.85411643835616,82.11909589041096,76.43573287671234,86.85870547945206,130.0229520547945,148.16186301369862,111.1687191780822,109.33570547945206,126.17828767123287,80.02094520547945,47.60267123287671,60.33299315068494,110.0385205479452,44.88634246575342,91.06907534246577,157.3066849315068,106.2662739726027,143.12781506849316,77.6001301369863,140.14473287671234,98.94796575342464,23.81086301369864,158.16180821917808,117.23931506849314,47.44867808219178,98.26686986301372,86.74214383561646,107.8266712328767,24.48752739726028,43.27275342465754,47.038636986301356,87.63019178082192,178.86138356164386,43.9709589041096,108.56295205479452
163,2.702238095238095,18.731607142857143,4.57475,16.492732142857143,14.28769047619048,17.235166666666665,3.1489345238095234,6.449779761904763,13.677636904761902,7.821190476190476,2.3645178571428573,12.813910714285715,11.969666666666667,60.52222619047618,9.550065476190477,8.207952380952381,17.841351190476193,17.990452380952387,6.14407738095238,7.3693154761904776,106.77634523809523,5.560339285714285,9.367964285714283,20.306470238095237,7.947660714285715,6.894833333333333,6.990964285714287,6.0397083333333335,16.903624999999998,11.925714285714285,11.840761904761903,0.0,9.995214285714283,11.03534523809524,8.699458333333334,7.0920000000000005,5.643482142857143,10.25747619047619,11.143839285714288,6.8725297619047625,40.77590476190476,5.308666666666666,8.616690476190476,36.75779166666667,5.12810119047619,5.10985119047619,9.763434523809524,4.97404761904762,5.458982142857144,20.302386904761907
164,0.0,0.0,54.65302,0.0,1.4547466666666666,0.0,0.0,1.4447533333333331,14.297693333333333,0.0,0.0,105.24490666666668,0.0,79.47194666666668,0.0,0.0,10.759706666666665,0.0,1.966106666666667,0.0,0.0,0.0,15.738179999999998,0.0,0.0,0.0,0.0,0.0,0.0,0.0,0.0,0.0,82.0940266666667,1.3732866666666668,0.0,0.99288,2.1069,0.0,0.0,0.0,23.265346666666666,1.1891399999999999,0.0,6.500326666666667,3.8289800000000014,40.87881333333333,0.0,16.71280666666667,0.0,14.71326
165,3231.48535,4739.437727272728,3296.6483863636363,3852.420413636364,10045.68565,8827.538218181819,3633.4101000000014,14751.22741818182,5389.486413636363,2991.5814727272727,4615.1961909090915,2938.811722727273,4376.762568181818,15385.471318181819,4824.172350000002,5339.67325,3181.799004545455,4741.780313636365,5333.280713636364,4599.523331818182,7316.863477272727,4298.623136363636,4112.877345454545,6059.266277272727,3289.463604545455,2729.977036363637,5577.4560909090915,2535.9087045454544,6780.7896681818165,2818.173904545454,3698.1934181818183,4231.32984090909,1700.3979272727274,4030.91005,2150.1902363636364,8378.101613636363,5441.548945454545,2870.0037136363635,1535.4187181818186,2898.007231818182,13386.973818181816,4874.397749999999,3188.0189454545452,17852.257586363638,7822.8738454545455,7912.280336363637,1566.4458454545456,3009.255022727273,4934.66915,4503.351222727271
166,940.9689136363637,1301.6765590909092,1007.2768818181818,1003.1110090909093,2991.48775,2371.8720909090907,880.0980136363637,4522.396331818181,1618.2385545454545,870.66435,1337.9735454545455,745.3035272727274,1220.2529818181815,4579.464659090909,1020.9888590909088,1396.03025,1059.5516454545457,1561.9236227272727,1608.6306045454544,1296.1951954545452,2027.6657045454547,1124.1491318181818,1168.100086363636,1803.436131818181,662.2928318181818,646.9545409090907,1596.2281590909092,804.0498636363636,1562.8881136363634,604.3674954545454,776.7932409090909,916.7881318181818,535.9857818181819,984.0851227272728,571.3172818181818,1695.7938363636365,1343.1489590909089,623.5051727272727,407.2567454545455,750.4799590909091,3979.1966,1243.733559090909,682.6769136363638,4742.282922727273,2038.2809136363642,2144.465440909091,414.5377863636363,678.0082318181818,1450.6989363636364,1030.536022727273
167,12.16007738095238,0.0,3.049833333333334,6.791124999999999,0.0,4.924333333333333,2.099285714285714,1.289958333333333,16.413166666666665,5.214125,1.1822619047619047,0.0,9.97472023809524,6.260922619047619,6.3667083333333325,2.9847083333333333,1.3724107142857145,0.0,25.454023809523807,2.456440476190476,1.570238095238095,2.085125,0.6691428571428572,1.0153214285714287,21.856059523809524,0.0,5.243226190476191,0.0,2.600559523809524,7.5890892857142855,1.076434523809524,0.0,0.0,1.2261488095238096,1.4499107142857144,1.773,0.0,2.051494047619048,0.0,19.243077380952386,60.009821428571435,0.0,1.0770892857142855,0.0,0.8546845238095238,0.0,3.905375,1.243511904761905,0.6823750000000001,1.1942559523809524
169,47.289190476190484,59.941148809523796,81.58304761904762,51.41852380952382,77.93284523809524,131.7259047619048,64.02829166666668,89.00692857142856,34.650011904761904,64.30755952380953,31.921,57.66258928571429,65.83316071428573,101.21820833333334,47.750327380952385,52.23242261904761,45.28958333333333,60.89076785714286,62.31847619047621,49.12875595238096,69.09057738095238,61.858785714285716,73.60544047619048,104.57832738095236,25.829892857142855,38.78342261904762,73.40514285714286,131.86695833333334,59.81283333333334,33.608827380952384,67.81528571428571,31.96746428571429,43.31259523809523,52.72441666666666,30.44811309523809,107.26649404761903,71.48411904761905,55.39035714285716,36.61547619047619,24.74109523809524,53.08560714285714,52.024928571428575,62.47100595238096,44.496273809523814,126.49319642857141,73.72786309523809,44.91180952380952,65.9061607142857,56.63691071428572,47.77031547619048
171,49.82665853658536,11.51308536585366,25.77481097560976,58.6355731707317,18.627853658536587,5.044439024390244,10.752451219512194,30.39260975609756,28.95656097560976,56.083652439024384,153.80904268292682,10.938701219512195,44.959231707317066,48.10218902439024,13.043993902439025,13.758786585365856,5.6235426829268285,12.758707317073169,32.368786585365854,20.130804878048774,56.29886585365854,29.191786585365854,16.451060975609753,41.6035,85.48579268292683,11.477371951219515,12.53258536585366,25.779243902439017,27.971853658536592,13.327182926829266,2.205378048780488,14.554292682926832,22.753335365853662,10.048445121951222,22.279103658536588,13.621829268292682,1.9270426829268288,21.015310975609754,6.523225609756098,22.52848170731708,62.26159756097561,10.876292682926831,68.40811585365853,35.672518292682916,13.132945121951218,11.964530487804875,17.00267073170732,12.738420731707315,13.980310975609758,25.69110975609756
172,37.83135185185185,28.49054938271605,48.23255555555557,76.46304320987653,118.5348950617284,58.72722839506172,66.39970987654321,70.89977777777777,81.32283950617285,189.253487654321,405.8214320987655,148.38822839506173,14.481814814814815,216.4268703703704,330.12573456790125,41.78593827160494,384.2752407407408,598.4516666666667,234.84020987654318,40.758672839506175,319.1659012345678,19.461191358024692,123.51835802469135,242.17346913580246,82.42016049382717,53.62646296296297,157.68511728395063,86.64371604938272,33.710938271604945,399.12989506172835,43.53573456790123,41.746265432098774,175.0602098765432,526.4267592592594,48.11553086419753,126.86799382716049,97.5416790123457,44.676993827160494,47.877246913580244,289.35884567901235,86.16794444444444,154.14793209876544,71.48661728395061,86.26975308641974,335.03603703703703,420.90038271604936,57.71275925925927,85.11152469135801,58.734574074074075,125.08746296296295
176,15.132541666666668,24.475966666666668,2.1348833333333337,17.656925,34.550225,17.235166666666668,14.695016666666666,18.059375,19.148691666666664,20.6827,4.965491666666667,8.969733333333332,27.92921666666667,42.36555833333333,11.141741666666665,14.625075,5.764124999999999,25.186633333333337,19.661041666666673,17.195066666666666,43.96673333333333,7.784475,16.862333333333336,38.379233333333346,9.735883333333334,13.27255,29.36205833333333,25.366775,20.0243,3.0356333333333336,12.05605,13.260575,7.774058333333333,10.299649999999998,10.149366666666667,11.1699,23.702625,2.872091666666667,2.2287666666666666,19.243075,26.92748333333333,11.891408333333333,12.063366666666665,13.542341666666665,20.341475000000006,22.48335,4.100641666666666,20.89100833333333,7.642574999999999,6.6878416666666665
177,129.5167470588235,114.76967058823529,289.3395117647059,313.5103235294117,471.08113529411764,364.9799705882354,258.28655882352945,342.9157,433.43627647058815,555.6418764705883,604.0371176470591,175.17367058823532,157.71794705882354,1272.513605882353,430.9888529411765,154.85377647058826,1068.7372588235294,856.1176529411763,812.7527294117647,148.0798470588235,1121.9275294117647,125.69639411764703,467.51656470588233,720.4258058823531,167.8826,178.86002941176469,537.1529176470589,230.787905882353,77.0989,559.2712588235294,139.3537588235294,106.47464117647058,269.98837058823534,691.8944058823529,87.40398823529414,185.7269588235294,128.27304705882358,70.95758235294117,86.52865294117645,376.2587294117647,526.1313411764706,371.43174117647067,105.37705882352941,172.0674411764706,723.0021294117647,679.5501705882352,125.43145294117646,154.83925294117648,187.4677705882353,236.04156470588242
179,3.0265066666666667,8.391760000000001,5.977673333333333,3.2597400000000003,11.637973333333333,16.54576,22.33642666666667,15.892253333333333,3.0637933333333334,2.9199133333333336,22.51021333333333,23.91929333333333,11.171686666666668,5.8435266666666665,23.17482666666667,11.70006,29.20492,17.049413333333334,10.813573333333334,11.00484,8.793346666666666,18.68274,11.24156,9.0973,18.915426666666672,8.687486666666667,15.659766666666668,12.401533333333333,5.8252533333333325,7.285526666666668,27.72891333333333,10.60846,36.07162,21.97259333333333,42.22138,12.90744,25.282806666666666,9.190693333333334,7.132060000000001,16.93390666666667,6.0317533333333335,29.72852666666667,13.269706666666664,13.000653333333334,18.187673333333333,21.256986666666666,7.654533333333334,32.03288,12.992373333333333,33.43922
184,19.747966,19.091256,17.036371,22.166234,18.76623,25.02546,84.81964599999998,27.305778000000004,16.697658999999998,16.935482999999998,145.98537199999996,71.757889,32.509611,47.507862,92.253636,18.929031,17.061821,49.520799,24.18308,9.904357000000001,24.269636,22.536058999999998,34.174337,13.134225,58.41529,33.8812,31.12378,56.314238,33.422371999999996,36.974044,34.721425,65.24204300000001,23.695321,65.5058,54.563015,78.04036500000002,71.739956,60.658593999999994,42.524898,21.244356,36.319789,63.500138,28.047328999999998,89.704492,104.531243,77.87414100000002,19.683089000000002,84.60859,79.215249,46.748032
