,ensembl
0,ENSG00000001167.13
1,ENSG00000001561.6
2,ENSG00000001617.10
3,ENSG00000001629.8
4,ENSG00000001631.13
5,ENSG00000002330.12
6,ENSG00000003056.6
7,ENSG00000003147.16
8,ENSG00000003393.13
9,ENSG00000004059.9
10,ENSG00000004478.7
11,ENSG00000004660.13
12,ENSG00000004700.14
13,ENSG00000004779.8
14,ENSG00000004864.12
15,ENSG00000004866.17
16,ENSG00000004897.10
17,ENSG00000004975.10
18,ENSG00000005073.5
19,ENSG00000005075.14
20,ENSG00000005238.18
21,ENSG00000005243.8
22,ENSG00000005339.11
23,ENSG00000005483.18
24,ENSG00000005486.15
25,ENSG00000005810.16
26,ENSG00000005893.14
27,ENSG00000006282.18
28,ENSG00000006453.12
29,ENSG00000006530.14
30,ENSG00000006695.9
31,ENSG00000006757.10
32,ENSG00000007080.9
33,ENSG00000007255.9
34,ENSG00000007402.10
35,ENSG00000007520.3
36,ENSG00000007541.13
37,ENSG00000007923.14
38,ENSG00000008018.8
39,ENSG00000008283.14
40,ENSG00000008294.19
41,ENSG00000008311.13
42,ENSG00000008324.9
43,ENSG00000008382.14
44,ENSG00000008988.8
45,ENSG00000009335.16
46,ENSG00000009413.14
47,ENSG00000010219.12
48,ENSG00000010244.15
49,ENSG00000010404.16
50,ENSG00000011009.9
51,ENSG00000011198.6
52,ENSG00000011295.14
53,ENSG00000011405.12
54,ENSG00000011451.16
55,ENSG00000011478.10
56,ENSG00000011566.13
57,ENSG00000012061.14
58,ENSG00000012174.10
59,ENSG00000013306.14
60,ENSG00000013503.8
61,ENSG00000013810.17
62,ENSG00000014123.9
63,ENSG00000014257.14
64,ENSG00000014824.12
65,ENSG00000015153.13
66,ENSG00000015171.17
67,ENSG00000015475.17
68,ENSG00000017260.18
69,ENSG00000017797.10
70,ENSG00000018408.13
71,ENSG00000019485.11
72,ENSG00000021776.9
73,ENSG00000022267.15
74,ENSG00000023171.13
75,ENSG00000023228.12
76,ENSG00000023287.11
77,ENSG00000023892.10
78,ENSG00000023902.12
79,ENSG00000024048.9
80,ENSG00000024422.10
81,ENSG00000025293.14
82,ENSG00000025770.17
83,ENSG00000025796.12
84,ENSG00000026297.14
85,ENSG00000027847.12
86,ENSG00000028116.15
87,ENSG00000029364.10
88,ENSG00000029725.15
89,ENSG00000030066.12
90,ENSG00000030582.15
91,ENSG00000032219.17
92,ENSG00000033011.10
93,ENSG00000035141.6
94,ENSG00000035403.15
95,ENSG00000035681.6
96,ENSG00000036054.11
97,ENSG00000036257.11
98,ENSG00000037241.6
99,ENSG00000037637.9
100,ENSG00000037749.10
101,ENSG00000037897.15
102,ENSG00000038358.13
103,ENSG00000039319.15
104,ENSG00000039650.8
105,ENSG00000040487.11
106,ENSG00000040531.13
107,ENSG00000040933.14
108,ENSG00000041357.14
109,ENSG00000041988.14
110,ENSG00000042286.13
111,ENSG00000042753.10
112,ENSG00000047315.13
113,ENSG00000047346.11
114,ENSG00000047644.16
115,ENSG00000047932.12
116,ENSG00000048162.18
117,ENSG00000048405.8
118,ENSG00000048471.12
119,ENSG00000048540.13
120,ENSG00000048649.12
121,ENSG00000048740.16
122,ENSG00000048828.15
123,ENSG00000049283.16
124,ENSG00000050748.16
125,ENSG00000051620.9
126,ENSG00000052723.10
127,ENSG00000053372.4
128,ENSG00000053918.14
129,ENSG00000054148.16
130,ENSG00000054267.19
131,ENSG00000054611.12
132,ENSG00000054965.9
133,ENSG00000055118.13
134,ENSG00000055208.16
135,ENSG00000055332.15
136,ENSG00000056097.14
137,ENSG00000056277.14
138,ENSG00000056972.17
139,ENSG00000057294.12
140,ENSG00000058091.15
141,ENSG00000058272.14
142,ENSG00000058668.13
143,ENSG00000058673.14
144,ENSG00000058799.12
145,ENSG00000059758.6
146,ENSG00000060642.9
147,ENSG00000060971.16
148,ENSG00000061656.8
149,ENSG00000061676.13
150,ENSG00000062582.12
151,ENSG00000062598.16
152,ENSG00000062725.8
153,ENSG00000063177.11
154,ENSG00000063180.7
155,ENSG00000063241.6
156,ENSG00000063245.13
157,ENSG00000063587.13
158,ENSG00000063854.11
159,ENSG00000064313.10
160,ENSG00000064419.12
161,ENSG00000064490.12
162,ENSG00000064545.13
163,ENSG00000064687.11
164,ENSG00000064787.11
165,ENSG00000064961.17
166,ENSG00000064999.13
167,ENSG00000065054.12
168,ENSG00000065057.6
169,ENSG00000065060.15
170,ENSG00000065135.8
171,ENSG00000065150.17
172,ENSG00000065154.10
173,ENSG00000065243.17
174,ENSG00000065268.9
175,ENSG00000065526.9
176,ENSG00000065534.17
177,ENSG00000065717.13
178,ENSG00000065809.12
179,ENSG00000065833.8
180,ENSG00000065883.13
181,ENSG00000065970.7
182,ENSG00000066135.11
183,ENSG00000066185.11
184,ENSG00000066322.11
185,ENSG00000066379.13
186,ENSG00000066422.4
187,ENSG00000066455.11
188,ENSG00000066583.10
189,ENSG00000066697.13
190,ENSG00000066739.10
191,ENSG00000067141.15
192,ENSG00000067191.14
193,ENSG00000067208.13
194,ENSG00000067221.12
195,ENSG00000067369.12
196,ENSG00000067533.5
197,ENSG00000067606.14
198,ENSG00000067900.6
199,ENSG00000068024.15
200,ENSG00000068097.13
201,ENSG00000068354.14
202,ENSG00000068366.18
203,ENSG00000068383.17
204,ENSG00000068697.6
205,ENSG00000068724.14
206,ENSG00000068784.11
207,ENSG00000068796.15
208,ENSG00000068903.18
209,ENSG00000068976.12
210,ENSG00000069020.17
211,ENSG00000069329.14
212,ENSG00000069431.9
213,ENSG00000069535.13
214,ENSG00000069702.9
215,ENSG00000070018.7
216,ENSG00000070366.12
217,ENSG00000070367.14
218,ENSG00000070423.16
219,ENSG00000070814.16
220,ENSG00000071082.9
221,ENSG00000071189.20
222,ENSG00000071537.12
223,ENSG00000071655.16
224,ENSG00000071859.13
225,ENSG00000072042.11
226,ENSG00000072110.12
227,ENSG00000072121.14
228,ENSG00000072135.11
229,ENSG00000072201.12
230,ENSG00000072210.17
231,ENSG00000072364.11
232,ENSG00000072401.13
233,ENSG00000072415.7
234,ENSG00000072422.15
235,ENSG00000072501.16
236,ENSG00000072506.11
237,ENSG00000072518.19
238,ENSG00000072778.18
239,ENSG00000072840.11
240,ENSG00000072849.9
241,ENSG00000073150.12
242,ENSG00000073350.12
243,ENSG00000073614.10
244,ENSG00000073712.12
245,ENSG00000073756.10
246,ENSG00000073921.16
247,ENSG00000074054.16
248,ENSG00000074071.12
249,ENSG00000074416.12
250,ENSG00000074603.17
251,ENSG00000074755.13
252,ENSG00000074842.6
253,ENSG00000075035.8
254,ENSG00000075142.12
255,ENSG00000075151.18
256,ENSG00000075303.11
257,ENSG00000075539.12
258,ENSG00000075914.11
259,ENSG00000076242.13
260,ENSG00000076351.11
261,ENSG00000076554.14
262,ENSG00000076685.17
263,ENSG00000076826.8
264,ENSG00000076924.10
265,ENSG00000076944.13
266,ENSG00000077157.19
267,ENSG00000077312.7
268,ENSG00000077348.7
269,ENSG00000077380.14
270,ENSG00000078142.10
271,ENSG00000078177.12
272,ENSG00000078403.15
273,ENSG00000078747.11
274,ENSG00000078804.11
275,ENSG00000078967.11
276,ENSG00000079308.15
277,ENSG00000079387.12
278,ENSG00000079432.6
279,ENSG00000079462.6
280,ENSG00000079739.14
281,ENSG00000079819.15
282,ENSG00000079950.12
283,ENSG00000080200.8
284,ENSG00000080345.16
285,ENSG00000080371.5
286,ENSG00000080561.12
287,ENSG00000080603.15
288,ENSG00000080802.17
289,ENSG00000080815.17
290,ENSG00000080845.16
291,ENSG00000081019.12
292,ENSG00000081177.17
293,ENSG00000081386.11
294,ENSG00000081665.12
295,ENSG00000081692.11
296,ENSG00000082175.13
297,ENSG00000082212.10
298,ENSG00000082512.13
299,ENSG00000082805.18
300,ENSG00000082898.15
301,ENSG00000082996.18
302,ENSG00000083168.8
303,ENSG00000083312.16
304,ENSG00000083520.13
305,ENSG00000083814.11
306,ENSG00000083845.7
307,ENSG00000084093.14
308,ENSG00000084112.13
309,ENSG00000084207.14
310,ENSG00000084234.15
311,ENSG00000085224.19
312,ENSG00000085365.16
313,ENSG00000085382.10
314,ENSG00000085433.14
315,ENSG00000085449.13
316,ENSG00000085491.14
317,ENSG00000085552.15
318,ENSG00000085662.12
319,ENSG00000085831.14
320,ENSG00000085871.7
321,ENSG00000085978.20
322,ENSG00000086015.19
323,ENSG00000086200.15
324,ENSG00000086289.10
325,ENSG00000086504.14
326,ENSG00000086730.15
327,ENSG00000086758.14
328,ENSG00000087053.17
329,ENSG00000087088.18
330,ENSG00000087253.10
331,ENSG00000087258.12
332,ENSG00000087299.10
333,ENSG00000087448.8
334,ENSG00000087470.16
335,ENSG00000088002.10
336,ENSG00000088179.7
337,ENSG00000088205.11
338,ENSG00000088298.11
339,ENSG00000088356.5
340,ENSG00000088387.16
341,ENSG00000088812.16
342,ENSG00000088854.12
343,ENSG00000088881.19
344,ENSG00000088930.7
345,ENSG00000088992.16
346,ENSG00000089009.14
347,ENSG00000089048.13
348,ENSG00000089050.13
349,ENSG00000089060.10
350,ENSG00000089157.14
351,ENSG00000089248.6
352,ENSG00000089327.13
353,ENSG00000089356.15
354,ENSG00000089682.15
355,ENSG00000089818.15
356,ENSG00000089876.10
357,ENSG00000090013.8
358,ENSG00000090054.12
359,ENSG00000090061.16
360,ENSG00000090097.19
361,ENSG00000090263.14
362,ENSG00000090266.11
363,ENSG00000090273.12
364,ENSG00000090581.8
365,ENSG00000090621.12
366,ENSG00000090661.10
367,ENSG00000090905.16
368,ENSG00000091073.18
369,ENSG00000091129.18
370,ENSG00000091138.11
371,ENSG00000091164.11
372,ENSG00000091640.6
373,ENSG00000091656.14
374,ENSG00000091732.14
375,ENSG00000092068.17
376,ENSG00000092096.13
377,ENSG00000092098.15
378,ENSG00000092148.11
379,ENSG00000092439.12
380,ENSG00000092621.10
381,ENSG00000092841.17
382,ENSG00000092847.9
383,ENSG00000093000.17
384,ENSG00000094975.12
385,ENSG00000095002.11
386,ENSG00000095059.14
387,ENSG00000095066.10
388,ENSG00000095203.13
389,ENSG00000095321.15
390,ENSG00000095380.10
391,ENSG00000095585.15
392,ENSG00000095739.10
393,ENSG00000095787.20
394,ENSG00000095906.15
395,ENSG00000096088.15
396,ENSG00000096092.5
397,ENSG00000096401.7
398,ENSG00000097007.16
399,ENSG00000097021.18
400,ENSG00000097033.13
401,ENSG00000099330.7
402,ENSG00000099337.4
403,ENSG00000099385.10
404,ENSG00000099785.9
405,ENSG00000099795.5
406,ENSG00000099797.10
407,ENSG00000099800.6
408,ENSG00000099804.7
409,ENSG00000099814.14
410,ENSG00000099821.12
411,ENSG00000099849.13
412,ENSG00000099910.15
413,ENSG00000099968.16
414,ENSG00000099977.12
415,ENSG00000100030.13
416,ENSG00000100075.8
417,ENSG00000100083.17
418,ENSG00000100097.10
419,ENSG00000100104.11
420,ENSG00000100106.18
421,ENSG00000100116.15
422,ENSG00000100124.11
423,ENSG00000100129.16
424,ENSG00000100147.12
425,ENSG00000100151.14
426,ENSG00000100154.13
427,ENSG00000100196.9
428,ENSG00000100207.17
429,ENSG00000100228.11
430,ENSG00000100263.12
431,ENSG00000100271.15
432,ENSG00000100281.12
433,ENSG00000100284.19
434,ENSG00000100290.2
435,ENSG00000100294.11
436,ENSG00000100300.16
437,ENSG00000100304.12
438,ENSG00000100307.11
439,ENSG00000100316.14
440,ENSG00000100319.12
441,ENSG00000100359.19
442,ENSG00000100360.13
443,ENSG00000100379.16
444,ENSG00000100387.8
445,ENSG00000100393.9
446,ENSG00000100412.14
447,ENSG00000100416.11
448,ENSG00000100418.7
449,ENSG00000100439.9
450,ENSG00000100442.9
451,ENSG00000100462.14
452,ENSG00000100503.22
453,ENSG00000100504.15
454,ENSG00000100522.7
455,ENSG00000100528.10
456,ENSG00000100554.10
457,ENSG00000100575.12
458,ENSG00000100577.17
459,ENSG00000100578.13
460,ENSG00000100592.14
461,ENSG00000100722.17
462,ENSG00000100726.13
463,ENSG00000100749.6
464,ENSG00000100836.9
465,ENSG00000100852.11
466,ENSG00000100865.13
467,ENSG00000100883.10
468,ENSG00000100888.11
469,ENSG00000100908.12
470,ENSG00000100934.13
471,ENSG00000100949.13
472,ENSG00000100983.8
473,ENSG00000100994.10
474,ENSG00000101040.18
475,ENSG00000101126.14
476,ENSG00000101132.8
477,ENSG00000101138.10
478,ENSG00000101294.15
479,ENSG00000101310.13
480,ENSG00000101350.7
481,ENSG00000101400.5
482,ENSG00000101439.7
483,ENSG00000101464.9
484,ENSG00000101473.15
485,ENSG00000101493.9
486,ENSG00000101544.7
487,ENSG00000101654.16
488,ENSG00000101670.10
489,ENSG00000101745.14
490,ENSG00000101752.10
491,ENSG00000101811.12
492,ENSG00000101849.14
493,ENSG00000101868.9
494,ENSG00000101871.13
495,ENSG00000101940.16
496,ENSG00000101972.17
497,ENSG00000101974.13
498,ENSG00000101977.18
499,ENSG00000101997.11
500,ENSG00000102007.9
501,ENSG00000102030.14
502,ENSG00000102054.16
503,ENSG00000102103.14
504,ENSG00000102158.18
505,ENSG00000102189.15
506,ENSG00000102218.5
507,ENSG00000102221.12
508,ENSG00000102302.7
509,ENSG00000102309.11
510,ENSG00000102312.19
511,ENSG00000102316.15
512,ENSG00000102362.14
513,ENSG00000102390.9
514,ENSG00000102572.13
515,ENSG00000102580.13
516,ENSG00000102699.5
517,ENSG00000102753.8
518,ENSG00000102781.12
519,ENSG00000102871.14
520,ENSG00000102890.13
521,ENSG00000102897.8
522,ENSG00000102898.10
523,ENSG00000102900.11
524,ENSG00000102908.19
525,ENSG00000102931.6
526,ENSG00000102934.8
527,ENSG00000102967.10
528,ENSG00000102977.12
529,ENSG00000103024.6
530,ENSG00000103034.13
531,ENSG00000103037.10
532,ENSG00000103042.7
533,ENSG00000103043.13
534,ENSG00000103066.11
535,ENSG00000103067.10
536,ENSG00000103121.7
537,ENSG00000103145.9
538,ENSG00000103160.10
539,ENSG00000103175.9
540,ENSG00000103194.14
541,ENSG00000103202.11
542,ENSG00000103254.8
543,ENSG00000103260.7
544,ENSG00000103266.9
545,ENSG00000103319.10
546,ENSG00000103343.11
547,ENSG00000103415.10
548,ENSG00000103479.13
549,ENSG00000103485.16
550,ENSG00000103490.13
551,ENSG00000103528.15
552,ENSG00000103540.15
553,ENSG00000103653.15
554,ENSG00000103657.12
555,ENSG00000103710.9
556,ENSG00000103876.10
557,ENSG00000103942.11
558,ENSG00000104133.13
559,ENSG00000104267.8
560,ENSG00000104320.12
561,ENSG00000104331.7
562,ENSG00000104388.13
563,ENSG00000104413.14
564,ENSG00000104517.11
565,ENSG00000104537.15
566,ENSG00000104611.10
567,ENSG00000104643.8
568,ENSG00000104679.9
569,ENSG00000104687.11
570,ENSG00000104723.19
571,ENSG00000104756.14
572,ENSG00000104823.7
573,ENSG00000104835.13
574,ENSG00000104852.13
575,ENSG00000104872.9
576,ENSG00000104880.16
577,ENSG00000104883.6
578,ENSG00000104886.8
579,ENSG00000104897.8
580,ENSG00000104957.12
581,ENSG00000104960.14
582,ENSG00000104976.10
583,ENSG00000104979.7
584,ENSG00000105135.14
585,ENSG00000105185.10
586,ENSG00000105186.13
587,ENSG00000105193.7
588,ENSG00000105197.9
589,ENSG00000105202.6
590,ENSG00000105204.12
591,ENSG00000105220.13
592,ENSG00000105254.10
593,ENSG00000105258.7
594,ENSG00000105281.11
595,ENSG00000105289.13
596,ENSG00000105327.14
597,ENSG00000105329.8
598,ENSG00000105372.5
599,ENSG00000105379.8
600,ENSG00000105393.14
601,ENSG00000105404.9
602,ENSG00000105419.16
603,ENSG00000105472.11
604,ENSG00000105514.6
605,ENSG00000105518.12
606,ENSG00000105519.11
607,ENSG00000105552.13
608,ENSG00000105583.8
609,ENSG00000105617.3
610,ENSG00000105618.12
611,ENSG00000105619.12
612,ENSG00000105640.11
613,ENSG00000105655.17
614,ENSG00000105669.11
615,ENSG00000105671.10
616,ENSG00000105672.13
617,ENSG00000105676.12
618,ENSG00000105677.10
619,ENSG00000105699.15
620,ENSG00000105701.14
621,ENSG00000105705.14
622,ENSG00000105707.12
623,ENSG00000105711.9
624,ENSG00000105726.15
625,ENSG00000105737.8
626,ENSG00000105738.9
627,ENSG00000105767.2
628,ENSG00000105856.12
629,ENSG00000105887.10
630,ENSG00000105983.18
631,ENSG00000105993.13
632,ENSG00000106009.14
633,ENSG00000106028.9
634,ENSG00000106049.7
635,ENSG00000106069.19
636,ENSG00000106263.16
637,ENSG00000106268.14
638,ENSG00000106290.13
639,ENSG00000106330.10
640,ENSG00000106346.10
641,ENSG00000106351.11
642,ENSG00000106400.10
643,ENSG00000106460.17
644,ENSG00000106537.7
645,ENSG00000106538.8
646,ENSG00000106541.10
647,ENSG00000106554.10
648,ENSG00000106571.11
649,ENSG00000106588.9
650,ENSG00000106608.15
651,ENSG00000106628.9
652,ENSG00000106683.13
653,ENSG00000106780.8
654,ENSG00000106785.13
655,ENSG00000106789.11
656,ENSG00000106799.11
657,ENSG00000106803.8
658,ENSG00000106992.16
659,ENSG00000107020.8
660,ENSG00000107036.10
661,ENSG00000107104.17
662,ENSG00000107140.14
663,ENSG00000107223.11
664,ENSG00000107242.16
665,ENSG00000107249.20
666,ENSG00000107263.17
667,ENSG00000107281.8
668,ENSG00000107290.12
669,ENSG00000107372.11
670,ENSG00000107485.14
671,ENSG00000107521.17
672,ENSG00000107560.9
673,ENSG00000107669.16
674,ENSG00000107731.11
675,ENSG00000107758.14
676,ENSG00000107771.14
677,ENSG00000107829.12
678,ENSG00000107833.9
679,ENSG00000107854.5
680,ENSG00000107862.4
681,ENSG00000107863.15
682,ENSG00000107872.11
683,ENSG00000107874.9
684,ENSG00000107897.17
685,ENSG00000107902.12
686,ENSG00000107949.15
687,ENSG00000107957.15
688,ENSG00000108021.18
689,ENSG00000108055.9
690,ENSG00000108061.10
691,ENSG00000108091.10
692,ENSG00000108094.13
693,ENSG00000108106.12
694,ENSG00000108107.11
695,ENSG00000108219.13
696,ENSG00000108256.7
697,ENSG00000108298.8
698,ENSG00000108406.8
699,ENSG00000108433.14
700,ENSG00000108469.13
701,ENSG00000108511.9
702,ENSG00000108528.12
703,ENSG00000108582.10
704,ENSG00000108599.13
705,ENSG00000108639.6
706,ENSG00000108669.15
707,ENSG00000108797.10
708,ENSG00000108826.14
709,ENSG00000108828.14
710,ENSG00000108830.9
711,ENSG00000108854.14
712,ENSG00000108861.7
713,ENSG00000108883.11
714,ENSG00000108960.6
715,ENSG00000109016.16
716,ENSG00000109062.8
717,ENSG00000109065.10
718,ENSG00000109113.16
719,ENSG00000109133.11
720,ENSG00000109171.13
721,ENSG00000109189.11
722,ENSG00000109205.15
723,ENSG00000109390.10
724,ENSG00000109436.7
725,ENSG00000109458.7
726,ENSG00000109472.12
727,ENSG00000109475.15
728,ENSG00000109501.12
729,ENSG00000109572.12
730,ENSG00000109576.12
731,ENSG00000109606.11
732,ENSG00000109686.15
733,ENSG00000109736.13
734,ENSG00000109756.7
735,ENSG00000109790.15
736,ENSG00000109919.8
737,ENSG00000110011.12
738,ENSG00000110046.11
739,ENSG00000110048.10
740,ENSG00000110057.6
741,ENSG00000110075.13
742,ENSG00000110171.17
743,ENSG00000110200.7
744,ENSG00000110237.3
745,ENSG00000110344.8
746,ENSG00000110422.10
747,ENSG00000110429.12
748,ENSG00000110583.11
749,ENSG00000110651.10
750,ENSG00000110700.5
751,ENSG00000110711.8
752,ENSG00000110717.9
753,ENSG00000110756.16
754,ENSG00000110851.10
755,ENSG00000110921.10
756,ENSG00000110931.17
757,ENSG00000111057.9
758,ENSG00000111110.10
759,ENSG00000111186.11
760,ENSG00000111275.11
761,ENSG00000111300.8
762,ENSG00000111319.11
763,ENSG00000111328.5
764,ENSG00000111344.10
765,ENSG00000111450.12
766,ENSG00000111490.11
767,ENSG00000111530.11
768,ENSG00000111596.10
769,ENSG00000111605.15
770,ENSG00000111639.6
771,ENSG00000111678.9
772,ENSG00000111716.11
773,ENSG00000111737.10
774,ENSG00000111752.9
775,ENSG00000111775.2
776,ENSG00000111817.15
777,ENSG00000111863.11
778,ENSG00000111877.16
779,ENSG00000111897.6
780,ENSG00000111906.16
781,ENSG00000112062.9
782,ENSG00000112078.12
783,ENSG00000112118.16
784,ENSG00000112183.13
785,ENSG00000112186.10
786,ENSG00000112208.11
787,ENSG00000112234.7
788,ENSG00000112249.12
789,ENSG00000112282.16
790,ENSG00000112339.13
791,ENSG00000112357.11
792,ENSG00000112511.16
793,ENSG00000112514.14
794,ENSG00000112531.15
795,ENSG00000112578.8
796,ENSG00000112584.12
797,ENSG00000112667.11
798,ENSG00000112685.12
799,ENSG00000112695.10
800,ENSG00000112697.14
801,ENSG00000112739.15
802,ENSG00000112796.8
803,ENSG00000112812.14
804,ENSG00000112893.8
805,ENSG00000112992.15
806,ENSG00000113163.14
807,ENSG00000113269.12
808,ENSG00000113282.12
809,ENSG00000113300.10
810,ENSG00000113318.9
811,ENSG00000113384.12
812,ENSG00000113387.10
813,ENSG00000113391.15
814,ENSG00000113494.15
815,ENSG00000113522.12
816,ENSG00000113615.11
817,ENSG00000113638.11
818,ENSG00000113645.12
819,ENSG00000113648.15
820,ENSG00000113657.11
821,ENSG00000113658.15
822,ENSG00000113712.15
823,ENSG00000113719.14
824,ENSG00000113734.16
825,ENSG00000113749.6
826,ENSG00000113838.11
827,ENSG00000113924.10
828,ENSG00000114023.14
829,ENSG00000114127.9
830,ENSG00000114279.12
831,ENSG00000114302.14
832,ENSG00000114331.11
833,ENSG00000114353.15
834,ENSG00000114388.11
835,ENSG00000114391.11
836,ENSG00000114395.9
837,ENSG00000114520.9
838,ENSG00000114631.10
839,ENSG00000114648.10
840,ENSG00000114737.14
841,ENSG00000114742.12
842,ENSG00000114767.6
843,ENSG00000114779.18
844,ENSG00000114790.11
845,ENSG00000114812.11
846,ENSG00000114861.17
847,ENSG00000114923.15
848,ENSG00000114956.18
849,ENSG00000114978.16
850,ENSG00000114993.14
851,ENSG00000115020.15
852,ENSG00000115041.11
853,ENSG00000115170.12
854,ENSG00000115207.12
855,ENSG00000115211.14
856,ENSG00000115255.9
857,ENSG00000115268.8
858,ENSG00000115274.13
859,ENSG00000115275.10
860,ENSG00000115282.18
861,ENSG00000115286.18
862,ENSG00000115295.18
863,ENSG00000115306.14
864,ENSG00000115310.16
865,ENSG00000115355.14
866,ENSG00000115365.10
867,ENSG00000115414.17
868,ENSG00000115464.13
869,ENSG00000115524.14
870,ENSG00000115539.12
871,ENSG00000115541.9
872,ENSG00000115548.15
873,ENSG00000115556.12
874,ENSG00000115598.8
875,ENSG00000115648.12
876,ENSG00000115657.11
877,ENSG00000115661.12
878,ENSG00000115685.13
879,ENSG00000115760.12
880,ENSG00000115825.8
881,ENSG00000115866.9
882,ENSG00000115904.11
883,ENSG00000115944.13
884,ENSG00000115966.15
885,ENSG00000115970.17
886,ENSG00000116005.10
887,ENSG00000116096.5
888,ENSG00000116120.9
889,ENSG00000116138.11
890,ENSG00000116198.11
891,ENSG00000116199.10
892,ENSG00000116209.10
893,ENSG00000116353.14
894,ENSG00000116473.13
895,ENSG00000116521.9
896,ENSG00000116525.12
897,ENSG00000116539.9
898,ENSG00000116580.17
899,ENSG00000116586.10
900,ENSG00000116649.8
901,ENSG00000116688.15
902,ENSG00000116704.7
903,ENSG00000116711.9
904,ENSG00000116729.12
905,ENSG00000116731.21
906,ENSG00000116747.11
907,ENSG00000116809.10
908,ENSG00000116857.15
909,ENSG00000116871.14
910,ENSG00000116898.10
911,ENSG00000116922.13
912,ENSG00000116954.7
913,ENSG00000116957.11
914,ENSG00000116962.13
915,ENSG00000117000.8
916,ENSG00000117036.10
917,ENSG00000117143.12
918,ENSG00000117153.14
919,ENSG00000117222.12
920,ENSG00000117266.14
921,ENSG00000117305.13
922,ENSG00000117308.13
923,ENSG00000117335.17
924,ENSG00000117410.12
925,ENSG00000117411.15
926,ENSG00000117472.8
927,ENSG00000117475.12
928,ENSG00000117480.14
929,ENSG00000117500.11
930,ENSG00000117505.11
931,ENSG00000117528.10
932,ENSG00000117592.8
933,ENSG00000117593.9
934,ENSG00000117595.9
935,ENSG00000117676.12
936,ENSG00000117682.15
937,ENSG00000117691.8
938,ENSG00000117713.16
939,ENSG00000117791.14
940,ENSG00000117868.14
941,ENSG00000117984.11
942,ENSG00000118007.11
943,ENSG00000118046.13
944,ENSG00000118200.13
945,ENSG00000118217.5
946,ENSG00000118257.15
947,ENSG00000118260.13
948,ENSG00000118292.7
949,ENSG00000118298.9
950,ENSG00000118412.11
951,ENSG00000118454.11
952,ENSG00000118482.10
953,ENSG00000118496.4
954,ENSG00000118564.13
955,ENSG00000118620.11
956,ENSG00000118640.9
957,ENSG00000118707.8
958,ENSG00000118762.6
959,ENSG00000118777.9
960,ENSG00000118873.14
961,ENSG00000118894.13
962,ENSG00000118939.16
963,ENSG00000118960.11
964,ENSG00000118965.13
965,ENSG00000119041.9
966,ENSG00000119227.6
967,ENSG00000119285.9
968,ENSG00000119321.7
969,ENSG00000119333.10
970,ENSG00000119411.10
971,ENSG00000119446.12
972,ENSG00000119522.14
973,ENSG00000119541.8
974,ENSG00000119559.14
975,ENSG00000119596.16
976,ENSG00000119632.3
977,ENSG00000119650.11
978,ENSG00000119682.15
979,ENSG00000119703.13
980,ENSG00000119705.8
981,ENSG00000119707.12
982,ENSG00000119729.9
983,ENSG00000119737.5
984,ENSG00000119778.13
985,ENSG00000119787.12
986,ENSG00000119862.11
987,ENSG00000119878.5
988,ENSG00000119888.9
989,ENSG00000119899.12
990,ENSG00000119900.7
991,ENSG00000119912.14
992,ENSG00000119946.10
993,ENSG00000119950.19
994,ENSG00000120008.14
995,ENSG00000120055.7
996,ENSG00000120068.6
997,ENSG00000120093.10
998,ENSG00000120137.6
999,ENSG00000120158.10
1000,ENSG00000120254.14
1001,ENSG00000120457.10
1002,ENSG00000120509.9
1003,ENSG00000120549.14
1004,ENSG00000120616.14
1005,ENSG00000120658.11
1006,ENSG00000120675.5
1007,ENSG00000120690.12
1008,ENSG00000120725.11
1009,ENSG00000120733.12
1010,ENSG00000120800.4
1011,ENSG00000120868.12
1012,ENSG00000120875.7
1013,ENSG00000120896.12
1014,ENSG00000120903.9
1015,ENSG00000120910.13
1016,ENSG00000120992.16
1017,ENSG00000121064.11
1018,ENSG00000121068.12
1019,ENSG00000121073.12
1020,ENSG00000121440.13
1021,ENSG00000121481.9
1022,ENSG00000121486.10
1023,ENSG00000121680.14
1024,ENSG00000121851.11
1025,ENSG00000121892.13
1026,ENSG00000121900.17
1027,ENSG00000122008.14
1028,ENSG00000122034.11
1029,ENSG00000122042.9
1030,ENSG00000122068.11
1031,ENSG00000122140.9
1032,ENSG00000122257.17
1033,ENSG00000122299.10
1034,ENSG00000122367.18
1035,ENSG00000122390.16
1036,ENSG00000122406.11
1037,ENSG00000122482.19
1038,ENSG00000122512.13
1039,ENSG00000122515.13
1040,ENSG00000122547.9
1041,ENSG00000122550.16
1042,ENSG00000122585.6
1043,ENSG00000122591.10
1044,ENSG00000122678.13
1045,ENSG00000122694.14
1046,ENSG00000122705.15
1047,ENSG00000122729.17
1048,ENSG00000122741.14
1049,ENSG00000122778.8
1050,ENSG00000122786.18
1051,ENSG00000122863.5
1052,ENSG00000122873.10
1053,ENSG00000122971.7
1054,ENSG00000123066.6
1055,ENSG00000123080.9
1056,ENSG00000123106.9
1057,ENSG00000123119.10
1058,ENSG00000123131.11
1059,ENSG00000123136.13
1060,ENSG00000123178.13
1061,ENSG00000123213.21
1062,ENSG00000123268.7
1063,ENSG00000123349.12
1064,ENSG00000123353.8
1065,ENSG00000123395.13
1066,ENSG00000123415.13
1067,ENSG00000123444.12
1068,ENSG00000123570.3
1069,ENSG00000123600.17
1070,ENSG00000123739.9
1071,ENSG00000123810.6
1072,ENSG00000123892.10
1073,ENSG00000123983.12
1074,ENSG00000123989.12
1075,ENSG00000124067.15
1076,ENSG00000124134.7
1077,ENSG00000124151.17
1078,ENSG00000124177.13
1079,ENSG00000124191.16
1080,ENSG00000124249.6
1081,ENSG00000124275.13
1082,ENSG00000124333.13
1083,ENSG00000124444.14
1084,ENSG00000124459.10
1085,ENSG00000124486.11
1086,ENSG00000124570.16
1087,ENSG00000124614.12
1088,ENSG00000124641.13
1089,ENSG00000124664.9
1090,ENSG00000124783.11
1091,ENSG00000124786.9
1092,ENSG00000124789.10
1093,ENSG00000124795.13
1094,ENSG00000124802.10
1095,ENSG00000124831.17
1096,ENSG00000124839.11
1097,ENSG00000124942.12
1098,ENSG00000125107.15
1099,ENSG00000125122.13
1100,ENSG00000125170.9
1101,ENSG00000125247.14
1102,ENSG00000125249.6
1103,ENSG00000125304.8
1104,ENSG00000125356.6
1105,ENSG00000125434.9
1106,ENSG00000125458.5
1107,ENSG00000125484.10
1108,ENSG00000125520.12
1109,ENSG00000125534.8
1110,ENSG00000125611.14
1111,ENSG00000125630.14
1112,ENSG00000125633.9
1113,ENSG00000125637.14
1114,ENSG00000125652.6
1115,ENSG00000125656.7
1116,ENSG00000125676.18
1117,ENSG00000125686.10
1118,ENSG00000125691.11
1119,ENSG00000125733.16
1120,ENSG00000125743.9
1121,ENSG00000125744.10
1122,ENSG00000125746.13
1123,ENSG00000125827.7
1124,ENSG00000125835.16
1125,ENSG00000125841.11
1126,ENSG00000125850.9
1127,ENSG00000125868.14
1128,ENSG00000125870.9
1129,ENSG00000125877.11
1130,ENSG00000125898.11
1131,ENSG00000125901.5
1132,ENSG00000125912.9
1133,ENSG00000125967.15
1134,ENSG00000125971.15
1135,ENSG00000125995.14
1136,ENSG00000126088.11
1137,ENSG00000126106.12
1138,ENSG00000126216.11
1139,ENSG00000126249.6
1140,ENSG00000126254.10
1141,ENSG00000126267.7
1142,ENSG00000126432.12
1143,ENSG00000126458.3
1144,ENSG00000126460.9
1145,ENSG00000126561.15
1146,ENSG00000126746.16
1147,ENSG00000126749.13
1148,ENSG00000126756.10
1149,ENSG00000126768.11
1150,ENSG00000126777.16
1151,ENSG00000126778.8
1152,ENSG00000126858.15
1153,ENSG00000126878.11
1154,ENSG00000126934.12
1155,ENSG00000127022.13
1156,ENSG00000127081.12
1157,ENSG00000127184.9
1158,ENSG00000127191.16
1159,ENSG00000127314.16
1160,ENSG00000127328.20
1161,ENSG00000127419.15
1162,ENSG00000127445.12
1163,ENSG00000127481.13
1164,ENSG00000127526.12
1165,ENSG00000127540.10
1166,ENSG00000127603.22
1167,ENSG00000127824.12
1168,ENSG00000127838.12
1169,ENSG00000127884.4
1170,ENSG00000127946.15
1171,ENSG00000127952.15
1172,ENSG00000127955.14
1173,ENSG00000128011.4
1174,ENSG00000128040.9
1175,ENSG00000128050.7
1176,ENSG00000128185.8
1177,ENSG00000128228.4
1178,ENSG00000128274.14
1179,ENSG00000128294.14
1180,ENSG00000128309.15
1181,ENSG00000128311.12
1182,ENSG00000128487.15
1183,ENSG00000128585.16
1184,ENSG00000128590.4
1185,ENSG00000128591.14
1186,ENSG00000128595.15
1187,ENSG00000128602.8
1188,ENSG00000128609.13
1189,ENSG00000128626.10
1190,ENSG00000128731.14
1191,ENSG00000128739.19
1192,ENSG00000128791.10
1193,ENSG00000128829.10
1194,ENSG00000128833.11
1195,ENSG00000128973.10
1196,ENSG00000128989.9
1197,ENSG00000129003.14
1198,ENSG00000129083.11
1199,ENSG00000129219.12
1200,ENSG00000129235.9
1201,ENSG00000129255.13
1202,ENSG00000129292.19
1203,ENSG00000129315.8
1204,ENSG00000129317.13
1205,ENSG00000129354.10
1206,ENSG00000129480.11
1207,ENSG00000129514.5
1208,ENSG00000129515.17
1209,ENSG00000129521.12
1210,ENSG00000129534.12
1211,ENSG00000129538.12
1212,ENSG00000129559.11
1213,ENSG00000129562.9
1214,ENSG00000129566.11
1215,ENSG00000129596.4
1216,ENSG00000129636.11
1217,ENSG00000129932.6
1218,ENSG00000129946.9
1219,ENSG00000129968.14
1220,ENSG00000130005.10
1221,ENSG00000130054.4
1222,ENSG00000130119.14
1223,ENSG00000130147.14
1224,ENSG00000130159.12
1225,ENSG00000130165.9
1226,ENSG00000130193.7
1227,ENSG00000130204.11
1228,ENSG00000130224.13
1229,ENSG00000130244.11
1230,ENSG00000130255.11
1231,ENSG00000130305.15
1232,ENSG00000130312.5
1233,ENSG00000130313.5
1234,ENSG00000130332.13
1235,ENSG00000130347.11
1236,ENSG00000130363.10
1237,ENSG00000130413.14
1238,ENSG00000130489.11
1239,ENSG00000130511.14
1240,ENSG00000130520.9
1241,ENSG00000130529.14
1242,ENSG00000130545.14
1243,ENSG00000130590.12
1244,ENSG00000130701.3
1245,ENSG00000130702.12
1246,ENSG00000130707.16
1247,ENSG00000130723.16
1248,ENSG00000130724.7
1249,ENSG00000130734.8
1250,ENSG00000130748.6
1251,ENSG00000130762.13
1252,ENSG00000130779.18
1253,ENSG00000130787.12
1254,ENSG00000130811.9
1255,ENSG00000130826.14
1256,ENSG00000130881.12
1257,ENSG00000130958.10
1258,ENSG00000131013.3
1259,ENSG00000131023.11
1260,ENSG00000131055.4
1261,ENSG00000131067.15
1262,ENSG00000131069.18
1263,ENSG00000131127.12
1264,ENSG00000131143.7
1265,ENSG00000131165.13
1266,ENSG00000131174.4
1267,ENSG00000131242.14
1268,ENSG00000131375.8
1269,ENSG00000131462.6
1270,ENSG00000131469.11
1271,ENSG00000131471.5
1272,ENSG00000131473.15
1273,ENSG00000131475.5
1274,ENSG00000131477.9
1275,ENSG00000131495.7
1276,ENSG00000131620.16
1277,ENSG00000131652.12
1278,ENSG00000131759.16
1279,ENSG00000131771.12
1280,ENSG00000131778.16
1281,ENSG00000131828.12
1282,ENSG00000131845.13
1283,ENSG00000132254.11
1284,ENSG00000132275.9
1285,ENSG00000132294.12
1286,ENSG00000132329.9
1287,ENSG00000132356.10
1288,ENSG00000132361.15
1289,ENSG00000132382.13
1290,ENSG00000132388.11
1291,ENSG00000132394.9
1292,ENSG00000132405.17
1293,ENSG00000132432.12
1294,ENSG00000132466.16
1295,ENSG00000132507.16
1296,ENSG00000132581.8
1297,ENSG00000132600.15
1298,ENSG00000132612.15
1299,ENSG00000132623.14
1300,ENSG00000132639.11
1301,ENSG00000132661.3
1302,ENSG00000132688.10
1303,ENSG00000132694.17
1304,ENSG00000132698.12
1305,ENSG00000132821.10
1306,ENSG00000132842.12
1307,ENSG00000132953.15
1308,ENSG00000132964.10
1309,ENSG00000132970.11
1310,ENSG00000133019.10
1311,ENSG00000133027.16
1312,ENSG00000133030.18
1313,ENSG00000133059.15
1314,ENSG00000133103.15
1315,ENSG00000133138.18
1316,ENSG00000133216.15
1317,ENSG00000133265.9
1318,ENSG00000133313.13
1319,ENSG00000133315.9
1320,ENSG00000133316.14
1321,ENSG00000133392.15
1322,ENSG00000133477.15
1323,ENSG00000133661.14
1324,ENSG00000133704.8
1325,ENSG00000133789.13
1326,ENSG00000133812.13
1327,ENSG00000133818.11
1328,ENSG00000133872.12
1329,ENSG00000133895.13
1330,ENSG00000133961.18
1331,ENSG00000133983.13
1332,ENSG00000134013.14
1333,ENSG00000134014.15
1334,ENSG00000134049.4
1335,ENSG00000134086.7
1336,ENSG00000134109.9
1337,ENSG00000134202.9
1338,ENSG00000134243.10
1339,ENSG00000134247.9
1340,ENSG00000134248.12
1341,ENSG00000134255.12
1342,ENSG00000134308.12
1343,ENSG00000134313.13
1344,ENSG00000134318.12
1345,ENSG00000134330.17
1346,ENSG00000134352.18
1347,ENSG00000134371.9
1348,ENSG00000134419.14
1349,ENSG00000134575.8
1350,ENSG00000134644.14
1351,ENSG00000134697.11
1352,ENSG00000134709.9
1353,ENSG00000134769.20
1354,ENSG00000134809.7
1355,ENSG00000134824.12
1356,ENSG00000134825.12
1357,ENSG00000134852.13
1358,ENSG00000134899.16
1359,ENSG00000134917.9
1360,ENSG00000134970.13
1361,ENSG00000134982.15
1362,ENSG00000135002.10
1363,ENSG00000135018.12
1364,ENSG00000135063.16
1365,ENSG00000135070.12
1366,ENSG00000135093.11
1367,ENSG00000135097.5
1368,ENSG00000135108.13
1369,ENSG00000135124.13
1370,ENSG00000135241.15
1371,ENSG00000135250.15
1372,ENSG00000135314.11
1373,ENSG00000135338.12
1374,ENSG00000135341.16
1375,ENSG00000135373.11
1376,ENSG00000135387.18
1377,ENSG00000135392.14
1378,ENSG00000135441.6
1379,ENSG00000135469.12
1380,ENSG00000135480.13
1381,ENSG00000135503.11
1382,ENSG00000135617.3
1383,ENSG00000135636.12
1384,ENSG00000135655.12
1385,ENSG00000135677.9
1386,ENSG00000135720.11
1387,ENSG00000135750.13
1388,ENSG00000135778.10
1389,ENSG00000135828.10
1390,ENSG00000135837.14
1391,ENSG00000135845.8
1392,ENSG00000135862.5
1393,ENSG00000135913.9
1394,ENSG00000135916.14
1395,ENSG00000135924.14
1396,ENSG00000135932.9
1397,ENSG00000135940.5
1398,ENSG00000135956.7
1399,ENSG00000135966.11
1400,ENSG00000135974.8
1401,ENSG00000135999.10
1402,ENSG00000136021.16
1403,ENSG00000136141.13
1404,ENSG00000136149.6
1405,ENSG00000136161.11
1406,ENSG00000136193.15
1407,ENSG00000136261.13
1408,ENSG00000136271.9
1409,ENSG00000136319.10
1410,ENSG00000136379.10
1411,ENSG00000136381.11
1412,ENSG00000136444.8
1413,ENSG00000136463.7
1414,ENSG00000136478.6
1415,ENSG00000136522.12
1416,ENSG00000136560.12
1417,ENSG00000136636.11
1418,ENSG00000136731.11
1419,ENSG00000136732.13
1420,ENSG00000136738.13
1421,ENSG00000136758.17
1422,ENSG00000136810.11
1423,ENSG00000136840.17
1424,ENSG00000136867.9
1425,ENSG00000136874.9
1426,ENSG00000136877.13
1427,ENSG00000136878.11
1428,ENSG00000136895.17
1429,ENSG00000136908.16
1430,ENSG00000136925.13
1431,ENSG00000136942.13
1432,ENSG00000136950.12
1433,ENSG00000137073.19
1434,ENSG00000137074.17
1435,ENSG00000137076.17
1436,ENSG00000137133.9
1437,ENSG00000137145.19
1438,ENSG00000137154.11
1439,ENSG00000137161.15
1440,ENSG00000137166.13
1441,ENSG00000137177.17
1442,ENSG00000137198.8
1443,ENSG00000137203.9
1444,ENSG00000137288.8
1445,ENSG00000137414.5
1446,ENSG00000137449.14
1447,ENSG00000137478.13
1448,ENSG00000137486.15
1449,ENSG00000137502.8
1450,ENSG00000137513.8
1451,ENSG00000137693.12
1452,ENSG00000137709.8
1453,ENSG00000137710.13
1454,ENSG00000137714.2
1455,ENSG00000137764.18
1456,ENSG00000137770.12
1457,ENSG00000137802.12
1458,ENSG00000137814.8
1459,ENSG00000137818.10
1460,ENSG00000137822.11
1461,ENSG00000137857.16
1462,ENSG00000137871.18
1463,ENSG00000137942.15
1464,ENSG00000137970.7
1465,ENSG00000137992.13
1466,ENSG00000138050.13
1467,ENSG00000138071.12
1468,ENSG00000138074.13
1469,ENSG00000138078.14
1470,ENSG00000138080.12
1471,ENSG00000138081.18
1472,ENSG00000138101.17
1473,ENSG00000138119.15
1474,ENSG00000138162.16
1475,ENSG00000138246.14
1476,ENSG00000138326.17
1477,ENSG00000138380.16
1478,ENSG00000138398.14
1479,ENSG00000138430.14
1480,ENSG00000138443.14
1481,ENSG00000138459.7
1482,ENSG00000138495.5
1483,ENSG00000138592.12
1484,ENSG00000138593.7
1485,ENSG00000138604.8
1486,ENSG00000138617.13
1487,ENSG00000138621.10
1488,ENSG00000138663.7
1489,ENSG00000138688.14
1490,ENSG00000138709.16
1491,ENSG00000138744.13
1492,ENSG00000138757.13
1493,ENSG00000138758.10
1494,ENSG00000138760.7
1495,ENSG00000138767.11
1496,ENSG00000138802.10
1497,ENSG00000139133.5
1498,ENSG00000139180.9
1499,ENSG00000139218.16
1500,ENSG00000139266.5
1501,ENSG00000139343.9
1502,ENSG00000139350.10
1503,ENSG00000139370.9
1504,ENSG00000139405.14
1505,ENSG00000139410.13
1506,ENSG00000139428.10
1507,ENSG00000139436.19
1508,ENSG00000139505.11
1509,ENSG00000139514.11
1510,ENSG00000139531.11
1511,ENSG00000139546.9
1512,ENSG00000139613.10
1513,ENSG00000139637.12
1514,ENSG00000139668.8
1515,ENSG00000139684.12
1516,ENSG00000139687.12
1517,ENSG00000139793.17
1518,ENSG00000139826.5
1519,ENSG00000139832.4
1520,ENSG00000139835.12
1521,ENSG00000139926.14
1522,ENSG00000139977.12
1523,ENSG00000140043.10
1524,ENSG00000140262.16
1525,ENSG00000140264.18
1526,ENSG00000140299.10
1527,ENSG00000140307.9
1528,ENSG00000140320.10
1529,ENSG00000140365.14
1530,ENSG00000140382.13
1531,ENSG00000140386.11
1532,ENSG00000140391.13
1533,ENSG00000140396.11
1534,ENSG00000140474.11
1535,ENSG00000140543.12
1536,ENSG00000140548.8
1537,ENSG00000140563.13
1538,ENSG00000140575.11
1539,ENSG00000140577.14
1540,ENSG00000140688.15
1541,ENSG00000140718.17
1542,ENSG00000140743.6
1543,ENSG00000140832.8
1544,ENSG00000140988.14
1545,ENSG00000140990.13
1546,ENSG00000140992.17
1547,ENSG00000141002.17
1548,ENSG00000141027.19
1549,ENSG00000141052.16
1550,ENSG00000141068.12
1551,ENSG00000141179.12
1552,ENSG00000141198.12
1553,ENSG00000141279.14
1554,ENSG00000141294.8
1555,ENSG00000141295.12
1556,ENSG00000141337.11
1557,ENSG00000141349.7
1558,ENSG00000141367.10
1559,ENSG00000141378.14
1560,ENSG00000141404.14
1561,ENSG00000141429.12
1562,ENSG00000141456.13
1563,ENSG00000141504.10
1564,ENSG00000141524.14
1565,ENSG00000141542.9
1566,ENSG00000141552.16
1567,ENSG00000141564.12
1568,ENSG00000141580.14
1569,ENSG00000141627.12
1570,ENSG00000141644.16
1571,ENSG00000141655.14
1572,ENSG00000141736.12
1573,ENSG00000141738.12
1574,ENSG00000141744.3
1575,ENSG00000141750.6
1576,ENSG00000141753.6
1577,ENSG00000141759.13
1578,ENSG00000141858.10
1579,ENSG00000141873.9
1580,ENSG00000141933.8
1581,ENSG00000141971.11
1582,ENSG00000142002.15
1583,ENSG00000142207.6
1584,ENSG00000142227.9
1585,ENSG00000142235.7
1586,ENSG00000142252.9
1587,ENSG00000142273.9
1588,ENSG00000142396.9
1589,ENSG00000142409.5
1590,ENSG00000142453.10
1591,ENSG00000142459.7
1592,ENSG00000142507.8
1593,ENSG00000142515.13
1594,ENSG00000142534.5
1595,ENSG00000142541.15
1596,ENSG00000142546.12
1597,ENSG00000142611.15
1598,ENSG00000142675.16
1599,ENSG00000142676.11
1600,ENSG00000142684.7
1601,ENSG00000142687.16
1602,ENSG00000142694.6
1603,ENSG00000142765.16
1604,ENSG00000142892.13
1605,ENSG00000142937.10
1606,ENSG00000143013.11
1607,ENSG00000143028.8
1608,ENSG00000143036.15
1609,ENSG00000143153.11
1610,ENSG00000143155.11
1611,ENSG00000143158.9
1612,ENSG00000143198.11
1613,ENSG00000143252.13
1614,ENSG00000143256.4
1615,ENSG00000143314.11
1616,ENSG00000143320.7
1617,ENSG00000143324.12
1618,ENSG00000143337.17
1619,ENSG00000143353.10
1620,ENSG00000143365.15
1621,ENSG00000143375.13
1622,ENSG00000143376.11
1623,ENSG00000143401.13
1624,ENSG00000143412.8
1625,ENSG00000143437.19
1626,ENSG00000143443.9
1627,ENSG00000143450.13
1628,ENSG00000143502.13
1629,ENSG00000143537.12
1630,ENSG00000143578.14
1631,ENSG00000143612.17
1632,ENSG00000143653.9
1633,ENSG00000143702.14
1634,ENSG00000143727.14
1635,ENSG00000143740.13
1636,ENSG00000143742.11
1637,ENSG00000143753.11
1638,ENSG00000143774.15
1639,ENSG00000143797.10
1640,ENSG00000143801.15
1641,ENSG00000143889.14
1642,ENSG00000143891.15
1643,ENSG00000143947.11
1644,ENSG00000143970.15
1645,ENSG00000143977.12
1646,ENSG00000144028.13
1647,ENSG00000144118.12
1648,ENSG00000144199.10
1649,ENSG00000144224.15
1650,ENSG00000144357.15
1651,ENSG00000144426.17
1652,ENSG00000144455.12
1653,ENSG00000144468.15
1654,ENSG00000144560.12
1655,ENSG00000144591.16
1656,ENSG00000144635.7
1657,ENSG00000144642.19
1658,ENSG00000144647.5
1659,ENSG00000144713.11
1660,ENSG00000144747.13
1661,ENSG00000144749.12
1662,ENSG00000144815.13
1663,ENSG00000144843.10
1664,ENSG00000144909.7
1665,ENSG00000144935.13
1666,ENSG00000145012.11
1667,ENSG00000145020.13
1668,ENSG00000145022.4
1669,ENSG00000145103.11
1670,ENSG00000145198.13
1671,ENSG00000145216.14
1672,ENSG00000145241.9
1673,ENSG00000145246.12
1674,ENSG00000145293.13
1675,ENSG00000145337.4
1676,ENSG00000145348.15
1677,ENSG00000145349.15
1678,ENSG00000145388.13
1679,ENSG00000145391.12
1680,ENSG00000145414.7
1681,ENSG00000145494.10
1682,ENSG00000145592.12
1683,ENSG00000145675.13
1684,ENSG00000145685.12
1685,ENSG00000145703.14
1686,ENSG00000145715.13
1687,ENSG00000145721.10
1688,ENSG00000145725.18
1689,ENSG00000145734.17
1690,ENSG00000145743.14
1691,ENSG00000145817.15
1692,ENSG00000145833.14
1693,ENSG00000145868.15
1694,ENSG00000145912.7
1695,ENSG00000145982.10
1696,ENSG00000146063.17
1697,ENSG00000146066.2
1698,ENSG00000146085.7
1699,ENSG00000146122.15
1700,ENSG00000146197.8
1701,ENSG00000146247.13
1702,ENSG00000146267.11
1703,ENSG00000146373.15
1704,ENSG00000146374.12
1705,ENSG00000146414.14
1706,ENSG00000146425.9
1707,ENSG00000146463.10
1708,ENSG00000146555.17
1709,ENSG00000146587.16
1710,ENSG00000146826.13
1711,ENSG00000146904.7
1712,ENSG00000147050.13
1713,ENSG00000147099.18
1714,ENSG00000147123.10
1715,ENSG00000147124.11
1716,ENSG00000147133.14
1717,ENSG00000147144.11
1718,ENSG00000147155.9
1719,ENSG00000147166.9
1720,ENSG00000147224.9
1721,ENSG00000147324.9
1722,ENSG00000147394.17
1723,ENSG00000147403.15
1724,ENSG00000147457.12
1725,ENSG00000147526.18
1726,ENSG00000147655.9
1727,ENSG00000147676.12
1728,ENSG00000147684.6
1729,ENSG00000147874.9
1730,ENSG00000147912.11
1731,ENSG00000148090.10
1732,ENSG00000148120.13
1733,ENSG00000148219.15
1734,ENSG00000148290.8
1735,ENSG00000148291.8
1736,ENSG00000148297.14
1737,ENSG00000148303.15
1738,ENSG00000148334.13
1739,ENSG00000148344.10
1740,ENSG00000148356.12
1741,ENSG00000148358.18
1742,ENSG00000148411.6
1743,ENSG00000148426.11
1744,ENSG00000148450.11
1745,ENSG00000148459.14
1746,ENSG00000148484.16
1747,ENSG00000148516.20
1748,ENSG00000148672.8
1749,ENSG00000148688.12
1750,ENSG00000148730.6
1751,ENSG00000148834.11
1752,ENSG00000148985.18
1753,ENSG00000149016.14
1754,ENSG00000149187.16
1755,ENSG00000149273.13
1756,ENSG00000149308.15
1757,ENSG00000149311.16
1758,ENSG00000149313.9
1759,ENSG00000149357.8
1760,ENSG00000149418.9
1761,ENSG00000149541.8
1762,ENSG00000149554.11
1763,ENSG00000149577.14
1764,ENSG00000149596.6
1765,ENSG00000149639.13
1766,ENSG00000149743.12
1767,ENSG00000149761.7
1768,ENSG00000149806.9
1769,ENSG00000149809.13
1770,ENSG00000149923.12
1771,ENSG00000149925.15
1772,ENSG00000149932.15
1773,ENSG00000150093.17
1774,ENSG00000150281.6
1775,ENSG00000150347.13
1776,ENSG00000150455.12
1777,ENSG00000150510.14
1778,ENSG00000150556.15
1779,ENSG00000150712.9
1780,ENSG00000150760.11
1781,ENSG00000150764.12
1782,ENSG00000150768.14
1783,ENSG00000150779.10
1784,ENSG00000150787.6
1785,ENSG00000150961.13
1786,ENSG00000150995.16
1787,ENSG00000151067.19
1788,ENSG00000151093.6
1789,ENSG00000151116.15
1790,ENSG00000151131.8
1791,ENSG00000151136.13
1792,ENSG00000151148.12
1793,ENSG00000151151.5
1794,ENSG00000151176.6
1795,ENSG00000151208.15
1796,ENSG00000151239.12
1797,ENSG00000151240.14
1798,ENSG00000151327.11
1799,ENSG00000151338.17
1800,ENSG00000151366.11
1801,ENSG00000151414.13
1802,ENSG00000151422.11
1803,ENSG00000151491.11
1804,ENSG00000151552.10
1805,ENSG00000151617.14
1806,ENSG00000151665.11
1807,ENSG00000151694.11
1808,ENSG00000151718.14
1809,ENSG00000152082.12
1810,ENSG00000152102.16
1811,ENSG00000152104.10
1812,ENSG00000152133.13
1813,ENSG00000152207.6
1814,ENSG00000152223.11
1815,ENSG00000152284.4
1816,ENSG00000152291.12
1817,ENSG00000152332.14
1818,ENSG00000152443.11
1819,ENSG00000152465.16
1820,ENSG00000152475.6
1821,ENSG00000152503.8
1822,ENSG00000152520.12
1823,ENSG00000152601.16
1824,ENSG00000152620.11
1825,ENSG00000152683.13
1826,ENSG00000152779.13
1827,ENSG00000152904.10
1828,ENSG00000152944.7
1829,ENSG00000153029.13
1830,ENSG00000153037.11
1831,ENSG00000153066.11
1832,ENSG00000153107.10
1833,ENSG00000153113.22
1834,ENSG00000153147.5
1835,ENSG00000153179.10
1836,ENSG00000153207.13
1837,ENSG00000153214.8
1838,ENSG00000153250.16
1839,ENSG00000153317.13
1840,ENSG00000153339.12
1841,ENSG00000153363.11
1842,ENSG00000153391.14
1843,ENSG00000153406.12
1844,ENSG00000153443.11
1845,ENSG00000153551.12
1846,ENSG00000153560.10
1847,ENSG00000153814.10
1848,ENSG00000153827.12
1849,ENSG00000153879.7
1850,ENSG00000153904.17
1851,ENSG00000153922.9
1852,ENSG00000153944.9
1853,ENSG00000153989.7
1854,ENSG00000154001.12
1855,ENSG00000154059.8
1856,ENSG00000154102.9
1857,ENSG00000154188.8
1858,ENSG00000154370.12
1859,ENSG00000154380.15
1860,ENSG00000154548.8
1861,ENSG00000154553.12
1862,ENSG00000154642.9
1863,ENSG00000154710.14
1864,ENSG00000154727.9
1865,ENSG00000154767.13
1866,ENSG00000154889.15
1867,ENSG00000154917.9
1868,ENSG00000154957.12
1869,ENSG00000155008.12
1870,ENSG00000155115.6
1871,ENSG00000155254.11
1872,ENSG00000155287.9
1873,ENSG00000155304.5
1874,ENSG00000155363.17
1875,ENSG00000155366.15
1876,ENSG00000155368.15
1877,ENSG00000155506.15
1878,ENSG00000155561.13
1879,ENSG00000155666.10
1880,ENSG00000155729.11
1881,ENSG00000155744.8
1882,ENSG00000155846.15
1883,ENSG00000155850.7
1884,ENSG00000155959.9
1885,ENSG00000155974.10
1886,ENSG00000156030.11
1887,ENSG00000156049.6
1888,ENSG00000156052.9
1889,ENSG00000156162.15
1890,ENSG00000156273.14
1891,ENSG00000156467.8
1892,ENSG00000156502.12
1893,ENSG00000156521.12
1894,ENSG00000156603.13
1895,ENSG00000156642.15
1896,ENSG00000156650.11
1897,ENSG00000156709.12
1898,ENSG00000156711.15
1899,ENSG00000156795.5
1900,ENSG00000156804.6
1901,ENSG00000156869.11
1902,ENSG00000156873.14
1903,ENSG00000156990.13
1904,ENSG00000157106.15
1905,ENSG00000157107.12
1906,ENSG00000157110.14
1907,ENSG00000157214.12
1908,ENSG00000157349.14
1909,ENSG00000157379.12
1910,ENSG00000157450.14
1911,ENSG00000157483.7
1912,ENSG00000157500.9
1913,ENSG00000157540.18
1914,ENSG00000157551.16
1915,ENSG00000157570.10
1916,ENSG00000157600.10
1917,ENSG00000157734.12
1918,ENSG00000157778.7
1919,ENSG00000157823.15
1920,ENSG00000157933.9
1921,ENSG00000157992.11
1922,ENSG00000158006.12
1923,ENSG00000158201.8
1924,ENSG00000158270.11
1925,ENSG00000158290.15
1926,ENSG00000158373.8
1927,ENSG00000158417.9
1928,ENSG00000158528.10
1929,ENSG00000158552.11
1930,ENSG00000158710.13
1931,ENSG00000158715.5
1932,ENSG00000158716.7
1933,ENSG00000158747.12
1934,ENSG00000158769.16
1935,ENSG00000158792.14
1936,ENSG00000158850.13
1937,ENSG00000158966.12
1938,ENSG00000159063.11
1939,ENSG00000159082.16
1940,ENSG00000159128.13
1941,ENSG00000159131.15
1942,ENSG00000159140.16
1943,ENSG00000159166.12
1944,ENSG00000159176.12
1945,ENSG00000159182.4
1946,ENSG00000159184.7
1947,ENSG00000159210.8
1948,ENSG00000159259.7
1949,ENSG00000159322.16
1950,ENSG00000159335.14
1951,ENSG00000159346.11
1952,ENSG00000159352.14
1953,ENSG00000159459.10
1954,ENSG00000159579.12
1955,ENSG00000159658.9
1956,ENSG00000159720.10
1957,ENSG00000159763.3
1958,ENSG00000159840.14
1959,ENSG00000160007.16
1960,ENSG00000160072.18
1961,ENSG00000160087.19
1962,ENSG00000160094.13
1963,ENSG00000160113.5
1964,ENSG00000160124.8
1965,ENSG00000160191.16
1966,ENSG00000160214.11
1967,ENSG00000160256.11
1968,ENSG00000160310.15
1969,ENSG00000160325.13
1970,ENSG00000160404.16
1971,ENSG00000160446.17
1972,ENSG00000160551.8
1973,ENSG00000160563.12
1974,ENSG00000160584.14
1975,ENSG00000160602.12
1976,ENSG00000160703.14
1977,ENSG00000160783.18
1978,ENSG00000160799.10
1979,ENSG00000160813.5
1980,ENSG00000160862.11
1981,ENSG00000160877.5
1982,ENSG00000160948.12
1983,ENSG00000160993.3
1984,ENSG00000161016.14
1985,ENSG00000161179.12
1986,ENSG00000161204.10
1987,ENSG00000161217.10
1988,ENSG00000161267.10
1989,ENSG00000161513.10
1990,ENSG00000161533.10
1991,ENSG00000161653.9
1992,ENSG00000161671.15
1993,ENSG00000161835.9
1994,ENSG00000161914.8
1995,ENSG00000161955.15
1996,ENSG00000161970.11
1997,ENSG00000161981.9
1998,ENSG00000162063.11
1999,ENSG00000162076.11
2000,ENSG00000162104.8
2001,ENSG00000162191.12
2002,ENSG00000162194.11
2003,ENSG00000162227.6
2004,ENSG00000162244.9
2005,ENSG00000162337.10
2006,ENSG00000162341.14
2007,ENSG00000162368.12
2008,ENSG00000162378.11
2009,ENSG00000162384.12
2010,ENSG00000162396.5
2011,ENSG00000162402.11
2012,ENSG00000162433.13
2013,ENSG00000162441.10
2014,ENSG00000162444.11
2015,ENSG00000162458.11
2016,ENSG00000162512.14
2017,ENSG00000162522.9
2018,ENSG00000162542.12
2019,ENSG00000162572.18
2020,ENSG00000162607.11
2021,ENSG00000162688.14
2022,ENSG00000162702.7
2023,ENSG00000162733.15
2024,ENSG00000162734.11
2025,ENSG00000162736.14
2026,ENSG00000162755.12
2027,ENSG00000162769.11
2028,ENSG00000162777.15
2029,ENSG00000162817.6
2030,ENSG00000162885.11
2031,ENSG00000162889.9
2032,ENSG00000162910.17
2033,ENSG00000162928.8
2034,ENSG00000162961.12
2035,ENSG00000162980.15
2036,ENSG00000163029.14
2037,ENSG00000163069.11
2038,ENSG00000163082.9
2039,ENSG00000163104.16
2040,ENSG00000163162.7
2041,ENSG00000163170.10
2042,ENSG00000163297.15
2043,ENSG00000163320.9
2044,ENSG00000163344.5
2045,ENSG00000163346.15
2046,ENSG00000163347.5
2047,ENSG00000163364.8
2048,ENSG00000163378.12
2049,ENSG00000163412.11
2050,ENSG00000163430.8
2051,ENSG00000163431.12
2052,ENSG00000163444.10
2053,ENSG00000163463.10
2054,ENSG00000163479.12
2055,ENSG00000163481.6
2056,ENSG00000163499.10
2057,ENSG00000163512.12
2058,ENSG00000163513.16
2059,ENSG00000163517.13
2060,ENSG00000163539.14
2061,ENSG00000163577.6
2062,ENSG00000163624.5
2063,ENSG00000163625.14
2064,ENSG00000163637.10
2065,ENSG00000163655.14
2066,ENSG00000163681.13
2067,ENSG00000163682.14
2068,ENSG00000163683.10
2069,ENSG00000163686.12
2070,ENSG00000163694.13
2071,ENSG00000163701.17
2072,ENSG00000163754.16
2073,ENSG00000163811.10
2074,ENSG00000163814.6
2075,ENSG00000163832.14
2076,ENSG00000163848.17
2077,ENSG00000163864.13
2078,ENSG00000163870.13
2079,ENSG00000163882.8
2080,ENSG00000163932.12
2081,ENSG00000163938.15
2082,ENSG00000163939.17
2083,ENSG00000163946.12
2084,ENSG00000163960.10
2085,ENSG00000164008.12
2086,ENSG00000164010.12
2087,ENSG00000164023.13
2088,ENSG00000164031.15
2089,ENSG00000164032.10
2090,ENSG00000164040.15
2091,ENSG00000164068.14
2092,ENSG00000164077.12
2093,ENSG00000164081.11
2094,ENSG00000164088.16
2095,ENSG00000164114.17
2096,ENSG00000164124.9
2097,ENSG00000164151.10
2098,ENSG00000164164.14
2099,ENSG00000164168.6
2100,ENSG00000164169.11
2101,ENSG00000164172.17
2102,ENSG00000164182.9
2103,ENSG00000164187.6
2104,ENSG00000164190.15
2105,ENSG00000164197.10
2106,ENSG00000164209.15
2107,ENSG00000164252.11
2108,ENSG00000164296.6
2109,ENSG00000164307.11
2110,ENSG00000164323.11
2111,ENSG00000164327.11
2112,ENSG00000164366.3
2113,ENSG00000164398.11
2114,ENSG00000164405.9
2115,ENSG00000164463.11
2116,ENSG00000164465.17
2117,ENSG00000164535.13
2118,ENSG00000164587.10
2119,ENSG00000164631.17
2120,ENSG00000164674.14
2121,ENSG00000164713.8
2122,ENSG00000164808.15
2123,ENSG00000164815.9
2124,ENSG00000164855.14
2125,ENSG00000164877.17
2126,ENSG00000164880.14
2127,ENSG00000164885.11
2128,ENSG00000164897.11
2129,ENSG00000164919.9
2130,ENSG00000164924.16
2131,ENSG00000164967.8
2132,ENSG00000165092.11
2133,ENSG00000165097.12
2134,ENSG00000165125.16
2135,ENSG00000165140.8
2136,ENSG00000165209.17
2137,ENSG00000165215.6
2138,ENSG00000165219.20
2139,ENSG00000165238.15
2140,ENSG00000165240.16
2141,ENSG00000165264.9
2142,ENSG00000165392.8
2143,ENSG00000165406.14
2144,ENSG00000165410.13
2145,ENSG00000165417.10
2146,ENSG00000165495.14
2147,ENSG00000165502.6
2148,ENSG00000165572.7
2149,ENSG00000165591.6
2150,ENSG00000165609.11
2151,ENSG00000165626.15
2152,ENSG00000165632.7
2153,ENSG00000165650.10
2154,ENSG00000165671.17
2155,ENSG00000165675.15
2156,ENSG00000165688.10
2157,ENSG00000165704.13
2158,ENSG00000165724.5
2159,ENSG00000165732.11
2160,ENSG00000165775.16
2161,ENSG00000165794.8
2162,ENSG00000165795.19
2163,ENSG00000165802.18
2164,ENSG00000165804.14
2165,ENSG00000165813.15
2166,ENSG00000165832.5
2167,ENSG00000165861.12
2168,ENSG00000165886.4
2169,ENSG00000165895.16
2170,ENSG00000165898.12
2171,ENSG00000165912.14
2172,ENSG00000165914.13
2173,ENSG00000165934.11
2174,ENSG00000165948.9
2175,ENSG00000166002.5
2176,ENSG00000166004.13
2177,ENSG00000166033.10
2178,ENSG00000166037.9
2179,ENSG00000166068.11
2180,ENSG00000166086.11
2181,ENSG00000166123.12
2182,ENSG00000166128.11
2183,ENSG00000166136.14
2184,ENSG00000166145.13
2185,ENSG00000166166.11
2186,ENSG00000166167.16
2187,ENSG00000166173.10
2188,ENSG00000166200.13
2189,ENSG00000166225.7
2190,ENSG00000166260.9
2191,ENSG00000166272.15
2192,ENSG00000166311.8
2193,ENSG00000166326.6
2194,ENSG00000166337.8
2195,ENSG00000166347.17
2196,ENSG00000166387.10
2197,ENSG00000166394.13
2198,ENSG00000166398.11
2199,ENSG00000166411.12
2200,ENSG00000166439.5
2201,ENSG00000166441.11
2202,ENSG00000166444.16
2203,ENSG00000166446.13
2204,ENSG00000166471.9
2205,ENSG00000166478.8
2206,ENSG00000166548.14
2207,ENSG00000166557.11
2208,ENSG00000166562.7
2209,ENSG00000166734.17
2210,ENSG00000166747.11
2211,ENSG00000166770.9
2212,ENSG00000166794.4
2213,ENSG00000166801.14
2214,ENSG00000166823.5
2215,ENSG00000166833.18
2216,ENSG00000166847.8
2217,ENSG00000166855.8
2218,ENSG00000166860.2
2219,ENSG00000166889.13
2220,ENSG00000166900.13
2221,ENSG00000166959.6
2222,ENSG00000166963.11
2223,ENSG00000166974.11
2224,ENSG00000166979.11
2225,ENSG00000167004.11
2226,ENSG00000167005.12
2227,ENSG00000167034.9
2228,ENSG00000167081.15
2229,ENSG00000167106.10
2230,ENSG00000167112.9
2231,ENSG00000167113.9
2232,ENSG00000167114.11
2233,ENSG00000167118.9
2234,ENSG00000167130.16
2235,ENSG00000167136.6
2236,ENSG00000167182.12
2237,ENSG00000167186.9
2238,ENSG00000167191.10
2239,ENSG00000167220.10
2240,ENSG00000167264.16
2241,ENSG00000167272.9
2242,ENSG00000167397.13
2243,ENSG00000167434.8
2244,ENSG00000167447.11
2245,ENSG00000167468.15
2246,ENSG00000167491.16
2247,ENSG00000167508.9
2248,ENSG00000167515.9
2249,ENSG00000167522.13
2250,ENSG00000167535.6
2251,ENSG00000167543.14
2252,ENSG00000167548.13
2253,ENSG00000167552.12
2254,ENSG00000167578.15
2255,ENSG00000167608.10
2256,ENSG00000167632.13
2257,ENSG00000167642.11
2258,ENSG00000167645.15
2259,ENSG00000167657.10
2260,ENSG00000167685.13
2261,ENSG00000167693.15
2262,ENSG00000167695.13
2263,ENSG00000167700.7
2264,ENSG00000167703.13
2265,ENSG00000167705.10
2266,ENSG00000167733.12
2267,ENSG00000167747.12
2268,ENSG00000167749.10
2269,ENSG00000167751.11
2270,ENSG00000167775.9
2271,ENSG00000167792.10
2272,ENSG00000167797.6
2273,ENSG00000167861.14
2274,ENSG00000167874.6
2275,ENSG00000167880.6
2276,ENSG00000167920.7
2277,ENSG00000167925.14
2278,ENSG00000167965.16
2279,ENSG00000167969.11
2280,ENSG00000167985.5
2281,ENSG00000167987.9
2282,ENSG00000168000.13
2283,ENSG00000168002.10
2284,ENSG00000168003.15
2285,ENSG00000168014.15
2286,ENSG00000168028.12
2287,ENSG00000168040.4
2288,ENSG00000168060.13
2289,ENSG00000168061.12
2290,ENSG00000168062.8
2291,ENSG00000168077.12
2292,ENSG00000168096.13
2293,ENSG00000168101.13
2294,ENSG00000168118.10
2295,ENSG00000168137.14
2296,ENSG00000168234.11
2297,ENSG00000168237.16
2298,ENSG00000168243.9
2299,ENSG00000168246.5
2300,ENSG00000168259.13
2301,ENSG00000168268.9
2302,ENSG00000168275.13
2303,ENSG00000168282.5
2304,ENSG00000168283.12
2305,ENSG00000168297.14
2306,ENSG00000168389.16
2307,ENSG00000168393.11
2308,ENSG00000168438.13
2309,ENSG00000168502.16
2310,ENSG00000168528.10
2311,ENSG00000168538.14
2312,ENSG00000168539.3
2313,ENSG00000168556.6
2314,ENSG00000168569.7
2315,ENSG00000168610.13
2316,ENSG00000168653.9
2317,ENSG00000168672.3
2318,ENSG00000168701.17
2319,ENSG00000168734.12
2320,ENSG00000168743.11
2321,ENSG00000168765.14
2322,ENSG00000168807.15
2323,ENSG00000168894.8
2324,ENSG00000168899.4
2325,ENSG00000168907.12
2326,ENSG00000168936.9
2327,ENSG00000168944.14
2328,ENSG00000168994.12
2329,ENSG00000169018.5
2330,ENSG00000169057.18
2331,ENSG00000169084.11
2332,ENSG00000169093.13
2333,ENSG00000169116.10
2334,ENSG00000169129.13
2335,ENSG00000169139.10
2336,ENSG00000169188.4
2337,ENSG00000169189.15
2338,ENSG00000169223.13
2339,ENSG00000169228.12
2340,ENSG00000169230.8
2341,ENSG00000169241.16
2342,ENSG00000169375.14
2343,ENSG00000169379.14
2344,ENSG00000169398.18
2345,ENSG00000169490.15
2346,ENSG00000169499.13
2347,ENSG00000169504.13
2348,ENSG00000169570.8
2349,ENSG00000169692.11
2350,ENSG00000169696.14
2351,ENSG00000169718.16
2352,ENSG00000169727.11
2353,ENSG00000169733.10
2354,ENSG00000169738.6
2355,ENSG00000169740.12
2356,ENSG00000169851.14
2357,ENSG00000169919.15
2358,ENSG00000169925.15
2359,ENSG00000169926.8
2360,ENSG00000169967.15
2361,ENSG00000169972.10
2362,ENSG00000169976.6
2363,ENSG00000170027.6
2364,ENSG00000170043.10
2365,ENSG00000170088.12
2366,ENSG00000170222.11
2367,ENSG00000170248.12
2368,ENSG00000170271.9
2369,ENSG00000170291.13
2370,ENSG00000170310.13
2371,ENSG00000170365.8
2372,ENSG00000170412.15
2373,ENSG00000170421.10
2374,ENSG00000170430.9
2375,ENSG00000170456.13
2376,ENSG00000170471.13
2377,ENSG00000170633.15
2378,ENSG00000170653.17
2379,ENSG00000170677.5
2380,ENSG00000170689.9
2381,ENSG00000170734.10
2382,ENSG00000170759.10
2383,ENSG00000170776.18
2384,ENSG00000170802.14
2385,ENSG00000170832.11
2386,ENSG00000170837.2
2387,ENSG00000170852.9
2388,ENSG00000170860.3
2389,ENSG00000170889.12
2390,ENSG00000170906.14
2391,ENSG00000170915.8
2392,ENSG00000171067.9
2393,ENSG00000171100.13
2394,ENSG00000171124.11
2395,ENSG00000171130.16
2396,ENSG00000171132.12
2397,ENSG00000171135.12
2398,ENSG00000171148.12
2399,ENSG00000171150.7
2400,ENSG00000171159.4
2401,ENSG00000171202.5
2402,ENSG00000171222.9
2403,ENSG00000171262.10
2404,ENSG00000171302.15
2405,ENSG00000171307.17
2406,ENSG00000171310.9
2407,ENSG00000171311.11
2408,ENSG00000171421.11
2409,ENSG00000171443.6
2410,ENSG00000171453.16
2411,ENSG00000171466.8
2412,ENSG00000171467.14
2413,ENSG00000171530.12
2414,ENSG00000171533.10
2415,ENSG00000171552.11
2416,ENSG00000171612.6
2417,ENSG00000171634.15
2418,ENSG00000171703.15
2419,ENSG00000171729.12
2420,ENSG00000171735.17
2421,ENSG00000171792.9
2422,ENSG00000171793.12
2423,ENSG00000171813.12
2424,ENSG00000171823.6
2425,ENSG00000171858.16
2426,ENSG00000171863.11
2427,ENSG00000171953.14
2428,ENSG00000171960.9
2429,ENSG00000171988.16
2430,ENSG00000172007.5
2431,ENSG00000172009.13
2432,ENSG00000172057.8
2433,ENSG00000172071.10
2434,ENSG00000172159.14
2435,ENSG00000172201.9
2436,ENSG00000172262.10
2437,ENSG00000172269.15
2438,ENSG00000172270.17
2439,ENSG00000172301.9
2440,ENSG00000172315.5
2441,ENSG00000172336.4
2442,ENSG00000172354.8
2443,ENSG00000172375.11
2444,ENSG00000172380.5
2445,ENSG00000172403.9
2446,ENSG00000172456.15
2447,ENSG00000172469.13
2448,ENSG00000172500.11
2449,ENSG00000172534.12
2450,ENSG00000172586.7
2451,ENSG00000172590.17
2452,ENSG00000172638.11
2453,ENSG00000172663.7
2454,ENSG00000172725.12
2455,ENSG00000172809.11
2456,ENSG00000172845.12
2457,ENSG00000172888.10
2458,ENSG00000172922.7
2459,ENSG00000173065.12
2460,ENSG00000173141.4
2461,ENSG00000173153.12
2462,ENSG00000173163.9
2463,ENSG00000173171.13
2464,ENSG00000173264.12
2465,ENSG00000173272.12
2466,ENSG00000173402.10
2467,ENSG00000173406.14
2468,ENSG00000173409.12
2469,ENSG00000173418.10
2470,ENSG00000173436.12
2471,ENSG00000173457.9
2472,ENSG00000173465.6
2473,ENSG00000173473.9
2474,ENSG00000173486.11
2475,ENSG00000173511.8
2476,ENSG00000173542.7
2477,ENSG00000173548.8
2478,ENSG00000173575.17
2479,ENSG00000173581.6
2480,ENSG00000173599.12
2481,ENSG00000173638.17
2482,ENSG00000173653.6
2483,ENSG00000173660.10
2484,ENSG00000173757.8
2485,ENSG00000173786.15
2486,ENSG00000173801.15
2487,ENSG00000173875.12
2488,ENSG00000173917.10
2489,ENSG00000173918.13
2490,ENSG00000173928.2
2491,ENSG00000173930.8
2492,ENSG00000173947.12
2493,ENSG00000174032.15
2494,ENSG00000174099.9
2495,ENSG00000174106.2
2496,ENSG00000174136.10
2497,ENSG00000174165.6
2498,ENSG00000174231.15
2499,ENSG00000174282.10
2500,ENSG00000174292.11
2501,ENSG00000174307.6
2502,ENSG00000174326.10
2503,ENSG00000174373.14
2504,ENSG00000174444.13
2505,ENSG00000174485.13
2506,ENSG00000174547.12
2507,ENSG00000174567.7
2508,ENSG00000174640.11
2509,ENSG00000174695.8
2510,ENSG00000174705.10
2511,ENSG00000174718.10
2512,ENSG00000174744.12
2513,ENSG00000174775.15
2514,ENSG00000174780.14
2515,ENSG00000174839.11
2516,ENSG00000174851.13
2517,ENSG00000174886.11
2518,ENSG00000174915.10
2519,ENSG00000174917.7
2520,ENSG00000174938.13
2521,ENSG00000174953.12
2522,ENSG00000174996.10
2523,ENSG00000175029.15
2524,ENSG00000175073.7
2525,ENSG00000175104.13
2526,ENSG00000175130.6
2527,ENSG00000175155.7
2528,ENSG00000175213.2
2529,ENSG00000175215.8
2530,ENSG00000175220.10
2531,ENSG00000175221.13
2532,ENSG00000175274.17
2533,ENSG00000175334.6
2534,ENSG00000175348.9
2535,ENSG00000175416.11
2536,ENSG00000175445.13
2537,ENSG00000175467.13
2538,ENSG00000175470.17
2539,ENSG00000175482.7
2540,ENSG00000175548.7
2541,ENSG00000175550.6
2542,ENSG00000175567.7
2543,ENSG00000175581.12
2544,ENSG00000175582.18
2545,ENSG00000175634.13
2546,ENSG00000175707.8
2547,ENSG00000175727.12
2548,ENSG00000175756.12
2549,ENSG00000175768.11
2550,ENSG00000175806.13
2551,ENSG00000175854.10
2552,ENSG00000175866.14
2553,ENSG00000175879.8
2554,ENSG00000175931.11
2555,ENSG00000175938.6
2556,ENSG00000176022.4
2557,ENSG00000176046.8
2558,ENSG00000176055.9
2559,ENSG00000176101.10
2560,ENSG00000176108.8
2561,ENSG00000176125.4
2562,ENSG00000176142.11
2563,ENSG00000176171.10
2564,ENSG00000176261.14
2565,ENSG00000176340.3
2566,ENSG00000176410.7
2567,ENSG00000176422.12
2568,ENSG00000176473.12
2569,ENSG00000176485.9
2570,ENSG00000176490.4
2571,ENSG00000176531.9
2572,ENSG00000176624.10
2573,ENSG00000176853.14
2574,ENSG00000176928.5
2575,ENSG00000176973.7
2576,ENSG00000176974.16
2577,ENSG00000176978.12
2578,ENSG00000176986.13
2579,ENSG00000176994.10
2580,ENSG00000177030.15
2581,ENSG00000177034.13
2582,ENSG00000177076.5
2583,ENSG00000177105.9
2584,ENSG00000177106.13
2585,ENSG00000177119.14
2586,ENSG00000177181.13
2587,ENSG00000177192.12
2588,ENSG00000177200.14
2589,ENSG00000177311.9
2590,ENSG00000177370.4
2591,ENSG00000177380.12
2592,ENSG00000177425.9
2593,ENSG00000177463.14
2594,ENSG00000177542.9
2595,ENSG00000177548.11
2596,ENSG00000177556.10
2597,ENSG00000177600.7
2598,ENSG00000177666.14
2599,ENSG00000177674.14
2600,ENSG00000177685.15
2601,ENSG00000177697.16
2602,ENSG00000177700.5
2603,ENSG00000177830.16
2604,ENSG00000177853.13
2605,ENSG00000177854.7
2606,ENSG00000177873.11
2607,ENSG00000177879.13
2608,ENSG00000177888.7
2609,ENSG00000177889.8
2610,ENSG00000177932.6
2611,ENSG00000177971.8
2612,ENSG00000178057.13
2613,ENSG00000178078.10
2614,ENSG00000178127.11
2615,ENSG00000178163.6
2616,ENSG00000178177.13
2617,ENSG00000178202.11
2618,ENSG00000178209.13
2619,ENSG00000178229.7
2620,ENSG00000178307.8
2621,ENSG00000178449.7
2622,ENSG00000178467.16
2623,ENSG00000178502.5
2624,ENSG00000178531.5
2625,ENSG00000178585.13
2626,ENSG00000178605.11
2627,ENSG00000178607.14
2628,ENSG00000178691.9
2629,ENSG00000178694.8
2630,ENSG00000178719.15
2631,ENSG00000178741.10
2632,ENSG00000178750.2
2633,ENSG00000178761.13
2634,ENSG00000178802.16
2635,ENSG00000178821.11
2636,ENSG00000178896.6
2637,ENSG00000178904.17
2638,ENSG00000178950.15
2639,ENSG00000178982.8
2640,ENSG00000178996.11
2641,ENSG00000179085.7
2642,ENSG00000179104.7
2643,ENSG00000179119.13
2644,ENSG00000179151.10
2645,ENSG00000179178.9
2646,ENSG00000179218.12
2647,ENSG00000179241.11
2648,ENSG00000179271.2
2649,ENSG00000179277.9
2650,ENSG00000179295.14
2651,ENSG00000179348.10
2652,ENSG00000179403.11
2653,ENSG00000179454.12
2654,ENSG00000179526.15
2655,ENSG00000179632.8
2656,ENSG00000179820.14
2657,ENSG00000179832.16
2658,ENSG00000179862.6
2659,ENSG00000179889.17
2660,ENSG00000179909.14
2661,ENSG00000179941.6
2662,ENSG00000179943.7
2663,ENSG00000179950.12
2664,ENSG00000179965.10
2665,ENSG00000179967.11
2666,ENSG00000180089.5
2667,ENSG00000180228.11
2668,ENSG00000180263.12
2669,ENSG00000180357.8
2670,ENSG00000180370.9
2671,ENSG00000180398.10
2672,ENSG00000180530.8
2673,ENSG00000180573.9
2674,ENSG00000180628.13
2675,ENSG00000180776.14
2676,ENSG00000180879.12
2677,ENSG00000180891.11
2678,ENSG00000180917.15
2679,ENSG00000180921.6
2680,ENSG00000180992.6
2681,ENSG00000181191.11
2682,ENSG00000181192.10
2683,ENSG00000181222.13
2684,ENSG00000181274.6
2685,ENSG00000181284.2
2686,ENSG00000181392.13
2687,ENSG00000181513.13
2688,ENSG00000181555.18
2689,ENSG00000181610.11
2690,ENSG00000181619.11
2691,ENSG00000181666.16
2692,ENSG00000181704.10
2693,ENSG00000181778.4
2694,ENSG00000181817.5
2695,ENSG00000181827.13
2696,ENSG00000181885.17
2697,ENSG00000181904.8
2698,ENSG00000181915.4
2699,ENSG00000181982.16
2700,ENSG00000181991.14
2701,ENSG00000182004.11
2702,ENSG00000182107.6
2703,ENSG00000182108.8
2704,ENSG00000182117.5
2705,ENSG00000182141.8
2706,ENSG00000182150.14
2707,ENSG00000182154.7
2708,ENSG00000182165.16
2709,ENSG00000182173.11
2710,ENSG00000182208.11
2711,ENSG00000182218.8
2712,ENSG00000182247.8
2713,ENSG00000182253.13
2714,ENSG00000182325.9
2715,ENSG00000182362.12
2716,ENSG00000182473.19
2717,ENSG00000182518.12
2718,ENSG00000182544.8
2719,ENSG00000182551.12
2720,ENSG00000182552.13
2721,ENSG00000182742.5
2722,ENSG00000182749.5
2723,ENSG00000182768.8
2724,ENSG00000182774.9
2725,ENSG00000182795.12
2726,ENSG00000182809.9
2727,ENSG00000182853.10
2728,ENSG00000182890.4
2729,ENSG00000182899.13
2730,ENSG00000182903.14
2731,ENSG00000182963.8
2732,ENSG00000182979.16
2733,ENSG00000183010.15
2734,ENSG00000183011.12
2735,ENSG00000183048.10
2736,ENSG00000183077.14
2737,ENSG00000183087.13
2738,ENSG00000183111.10
2739,ENSG00000183155.4
2740,ENSG00000183172.8
2741,ENSG00000183207.11
2742,ENSG00000183208.11
2743,ENSG00000183248.10
2744,ENSG00000183287.12
2745,ENSG00000183337.15
2746,ENSG00000183354.10
2747,ENSG00000183401.10
2748,ENSG00000183444.10
2749,ENSG00000183475.11
2750,ENSG00000183495.12
2751,ENSG00000183580.9
2752,ENSG00000183605.15
2753,ENSG00000183615.5
2754,ENSG00000183617.4
2755,ENSG00000183648.8
2756,ENSG00000183684.7
2757,ENSG00000183735.8
2758,ENSG00000183741.10
2759,ENSG00000183751.13
2760,ENSG00000183808.10
2761,ENSG00000183828.13
2762,ENSG00000183878.14
2763,ENSG00000183978.7
2764,ENSG00000184056.13
2765,ENSG00000184076.12
2766,ENSG00000184154.11
2767,ENSG00000184162.13
2768,ENSG00000184164.13
2769,ENSG00000184182.17
2770,ENSG00000184207.8
2771,ENSG00000184208.10
2772,ENSG00000184292.6
2773,ENSG00000184363.8
2774,ENSG00000184381.17
2775,ENSG00000184436.10
2776,ENSG00000184470.18
2777,ENSG00000184481.15
2778,ENSG00000184508.9
2779,ENSG00000184575.10
2780,ENSG00000184634.14
2781,ENSG00000184640.16
2782,ENSG00000184675.8
2783,ENSG00000184678.9
2784,ENSG00000184730.9
2785,ENSG00000184785.5
2786,ENSG00000184831.12
2787,ENSG00000184867.12
2788,ENSG00000184897.5
2789,ENSG00000184898.6
2790,ENSG00000184903.8
2791,ENSG00000184924.5
2792,ENSG00000184956.14
2793,ENSG00000184967.5
2794,ENSG00000185000.8
2795,ENSG00000185009.11
2796,ENSG00000185043.9
2797,ENSG00000185049.11
2798,ENSG00000185085.2
2799,ENSG00000185088.11
2800,ENSG00000185127.6
2801,ENSG00000185129.5
2802,ENSG00000185133.12
2803,ENSG00000185156.5
2804,ENSG00000185164.13
2805,ENSG00000185187.11
2806,ENSG00000185262.8
2807,ENSG00000185305.9
2808,ENSG00000185339.7
2809,ENSG00000185340.14
2810,ENSG00000185404.15
2811,ENSG00000185442.11
2812,ENSG00000185475.7
2813,ENSG00000185515.13
2814,ENSG00000185567.6
2815,ENSG00000185608.7
2816,ENSG00000185624.13
2817,ENSG00000185627.16
2818,ENSG00000185722.15
2819,ENSG00000185728.15
2820,ENSG00000185803.7
2821,ENSG00000185808.12
2822,ENSG00000185813.9
2823,ENSG00000185883.9
2824,ENSG00000185900.8
2825,ENSG00000185909.13
2826,ENSG00000185947.13
2827,ENSG00000185963.12
2828,ENSG00000185973.9
2829,ENSG00000186010.17
2830,ENSG00000186063.11
2831,ENSG00000186111.7
2832,ENSG00000186174.11
2833,ENSG00000186205.11
2834,ENSG00000186212.3
2835,ENSG00000186222.4
2836,ENSG00000186298.10
2837,ENSG00000186395.6
2838,ENSG00000186432.7
2839,ENSG00000186468.11
2840,ENSG00000186479.4
2841,ENSG00000186493.10
2842,ENSG00000186501.13
2843,ENSG00000186566.10
2844,ENSG00000186654.19
2845,ENSG00000186660.14
2846,ENSG00000186687.14
2847,ENSG00000186716.18
2848,ENSG00000186792.14
2849,ENSG00000186815.11
2850,ENSG00000186834.3
2851,ENSG00000186908.13
2852,ENSG00000187051.7
2853,ENSG00000187068.2
2854,ENSG00000187079.13
2855,ENSG00000187098.13
2856,ENSG00000187231.12
2857,ENSG00000187239.15
2858,ENSG00000187240.12
2859,ENSG00000187244.9
2860,ENSG00000187325.4
2861,ENSG00000187391.16
2862,ENSG00000187486.5
2863,ENSG00000187531.12
2864,ENSG00000187605.14
2865,ENSG00000187609.14
2866,ENSG00000187630.13
2867,ENSG00000187735.11
2868,ENSG00000187742.13
2869,ENSG00000187840.4
2870,ENSG00000187866.7
2871,ENSG00000187867.7
2872,ENSG00000187954.11
2873,ENSG00000187994.12
2874,ENSG00000188010.11
2875,ENSG00000188013.6
2876,ENSG00000188021.8
2877,ENSG00000188130.12
2878,ENSG00000188186.9
2879,ENSG00000188229.5
2880,ENSG00000188243.11
2881,ENSG00000188419.12
2882,ENSG00000188483.7
2883,ENSG00000188488.12
2884,ENSG00000188493.13
2885,ENSG00000188554.12
2886,ENSG00000188603.15
2887,ENSG00000188643.9
2888,ENSG00000188647.11
2889,ENSG00000188690.11
2890,ENSG00000188706.11
2891,ENSG00000188785.10
2892,ENSG00000188807.11
2893,ENSG00000188846.12
2894,ENSG00000188878.15
2895,ENSG00000188906.12
2896,ENSG00000188938.14
2897,ENSG00000188959.9
2898,ENSG00000188976.9
2899,ENSG00000188994.11
2900,ENSG00000189043.8
2901,ENSG00000189060.5
2902,ENSG00000189067.11
2903,ENSG00000189077.9
2904,ENSG00000189079.14
2905,ENSG00000189171.12
2906,ENSG00000189227.5
2907,ENSG00000189308.9
2908,ENSG00000189319.12
2909,ENSG00000189376.10
2910,ENSG00000196090.11
2911,ENSG00000196182.9
2912,ENSG00000196189.11
2913,ENSG00000196199.12
2914,ENSG00000196247.10
2915,ENSG00000196262.12
2916,ENSG00000196305.16
2917,ENSG00000196323.10
2918,ENSG00000196353.10
2919,ENSG00000196367.11
2920,ENSG00000196371.3
2921,ENSG00000196387.8
2922,ENSG00000196411.8
2923,ENSG00000196422.9
2924,ENSG00000196449.3
2925,ENSG00000196470.10
2926,ENSG00000196497.14
2927,ENSG00000196502.10
2928,ENSG00000196504.14
2929,ENSG00000196507.9
2930,ENSG00000196517.10
2931,ENSG00000196531.9
2932,ENSG00000196535.13
2933,ENSG00000196605.6
2934,ENSG00000196642.14
2935,ENSG00000196646.10
2936,ENSG00000196655.8
2937,ENSG00000196663.14
2938,ENSG00000196683.9
2939,ENSG00000196705.7
2940,ENSG00000196712.15
2941,ENSG00000196715.5
2942,ENSG00000196792.10
2943,ENSG00000196793.12
2944,ENSG00000196812.4
2945,ENSG00000196867.6
2946,ENSG00000196872.9
2947,ENSG00000196914.7
2948,ENSG00000196917.5
2949,ENSG00000196924.13
2950,ENSG00000196976.6
2951,ENSG00000196998.14
2952,ENSG00000197013.8
2953,ENSG00000197037.9
2954,ENSG00000197043.12
2955,ENSG00000197045.11
2956,ENSG00000197056.8
2957,ENSG00000197070.12
2958,ENSG00000197077.11
2959,ENSG00000197102.9
2960,ENSG00000197121.13
2961,ENSG00000197147.11
2962,ENSG00000197180.2
2963,ENSG00000197191.4
2964,ENSG00000197283.11
2965,ENSG00000197296.5
2966,ENSG00000197312.10
2967,ENSG00000197321.13
2968,ENSG00000197324.7
2969,ENSG00000197372.8
2970,ENSG00000197375.11
2971,ENSG00000197429.9
2972,ENSG00000197448.12
2973,ENSG00000197535.13
2974,ENSG00000197555.8
2975,ENSG00000197576.12
2976,ENSG00000197586.11
2977,ENSG00000197635.8
2978,ENSG00000197694.12
2979,ENSG00000197696.8
2980,ENSG00000197702.10
2981,ENSG00000197705.8
2982,ENSG00000197712.10
2983,ENSG00000197756.8
2984,ENSG00000197771.11
2985,ENSG00000197785.12
2986,ENSG00000197857.12
2987,ENSG00000197858.9
2988,ENSG00000197879.13
2989,ENSG00000197894.9
2990,ENSG00000197905.7
2991,ENSG00000197928.9
2992,ENSG00000197937.11
2993,ENSG00000197956.8
2994,ENSG00000197958.11
2995,ENSG00000197965.10
2996,ENSG00000197969.10
2997,ENSG00000197982.13
2998,ENSG00000198000.10
2999,ENSG00000198015.11
3000,ENSG00000198034.9
3001,ENSG00000198087.7
3002,ENSG00000198133.7
3003,ENSG00000198146.4
3004,ENSG00000198160.13
3005,ENSG00000198162.11
3006,ENSG00000198171.11
3007,ENSG00000198198.12
3008,ENSG00000198205.6
3009,ENSG00000198242.12
3010,ENSG00000198258.9
3011,ENSG00000198265.10
3012,ENSG00000198301.10
3013,ENSG00000198315.9
3014,ENSG00000198373.11
3015,ENSG00000198380.11
3016,ENSG00000198399.13
3017,ENSG00000198420.8
3018,ENSG00000198483.11
3019,ENSG00000198513.10
3020,ENSG00000198523.5
3021,ENSG00000198538.9
3022,ENSG00000198546.13
3023,ENSG00000198561.11
3024,ENSG00000198604.9
3025,ENSG00000198612.9
3026,ENSG00000198642.6
3027,ENSG00000198643.5
3028,ENSG00000198668.9
3029,ENSG00000198677.9
3030,ENSG00000198690.8
3031,ENSG00000198692.8
3032,ENSG00000198712.1
3033,ENSG00000198715.10
3034,ENSG00000198721.11
3035,ENSG00000198727.2
3036,ENSG00000198728.9
3037,ENSG00000198730.6
3038,ENSG00000198736.10
3039,ENSG00000198752.8
3040,ENSG00000198755.9
3041,ENSG00000198763.3
3042,ENSG00000198780.10
3043,ENSG00000198804.2
3044,ENSG00000198807.11
3045,ENSG00000198815.7
3046,ENSG00000198816.5
3047,ENSG00000198818.8
3048,ENSG00000198835.3
3049,ENSG00000198836.7
3050,ENSG00000198840.2
3051,ENSG00000198853.10
3052,ENSG00000198855.5
3053,ENSG00000198858.8
3054,ENSG00000198862.12
3055,ENSG00000198863.6
3056,ENSG00000198876.11
3057,ENSG00000198886.2
3058,ENSG00000198887.8
3059,ENSG00000198888.2
3060,ENSG00000198892.6
3061,ENSG00000198894.6
3062,ENSG00000198898.11
3063,ENSG00000198899.2
3064,ENSG00000198909.6
3065,ENSG00000198918.7
3066,ENSG00000198931.9
3067,ENSG00000198932.11
3068,ENSG00000198937.8
3069,ENSG00000198938.2
3070,ENSG00000198947.13
3071,ENSG00000198961.8
3072,ENSG00000198964.12
3073,ENSG00000203667.8
3074,ENSG00000203995.8
3075,ENSG00000204116.10
3076,ENSG00000204120.13
3077,ENSG00000204130.11
3078,ENSG00000204138.11
3079,ENSG00000204152.9
3080,ENSG00000204160.10
3081,ENSG00000204217.11
3082,ENSG00000204219.8
3083,ENSG00000204220.8
3084,ENSG00000204228.3
3085,ENSG00000204237.4
3086,ENSG00000204308.7
3087,ENSG00000204334.7
3088,ENSG00000204356.10
3089,ENSG00000204392.9
3090,ENSG00000204427.10
3091,ENSG00000204428.11
3092,ENSG00000204435.12
3093,ENSG00000204498.9
3094,ENSG00000204514.8
3095,ENSG00000204536.12
3096,ENSG00000204564.10
3097,ENSG00000204580.10
3098,ENSG00000204604.8
3099,ENSG00000204611.5
3100,ENSG00000204634.11
3101,ENSG00000204673.9
3102,ENSG00000204713.9
3103,ENSG00000204789.4
3104,ENSG00000204822.6
3105,ENSG00000204922.4
3106,ENSG00000204954.8
3107,ENSG00000205090.7
3108,ENSG00000205138.3
3109,ENSG00000205155.6
3110,ENSG00000205268.9
3111,ENSG00000205269.5
3112,ENSG00000205309.12
3113,ENSG00000205339.8
3114,ENSG00000205542.9
3115,ENSG00000205544.3
3116,ENSG00000205581.9
3117,ENSG00000205643.9
3118,ENSG00000205726.12
3119,ENSG00000205730.6
3120,ENSG00000205744.8
3121,ENSG00000205765.7
3122,ENSG00000205871.5
3123,ENSG00000205903.5
3124,ENSG00000211455.6
3125,ENSG00000211456.9
3126,ENSG00000211584.12
3127,ENSG00000212802.4
3128,ENSG00000212864.3
3129,ENSG00000212907.2
3130,ENSG00000213015.7
3131,ENSG00000213020.7
3132,ENSG00000213024.9
3133,ENSG00000213079.8
3134,ENSG00000213085.8
3135,ENSG00000213131.3
3136,ENSG00000213160.8
3137,ENSG00000213337.7
3138,ENSG00000213341.9
3139,ENSG00000213397.9
3140,ENSG00000213442.5
3141,ENSG00000213465.6
3142,ENSG00000213516.8
3143,ENSG00000213523.8
3144,ENSG00000213563.5
3145,ENSG00000213619.8
3146,ENSG00000213625.7
3147,ENSG00000213639.8
3148,ENSG00000213699.7
3149,ENSG00000213713.3
3150,ENSG00000213719.7
3151,ENSG00000213722.7
3152,ENSG00000213853.8
3153,ENSG00000213860.4
3154,ENSG00000213885.3
3155,ENSG00000213965.3
3156,ENSG00000213977.6
3157,ENSG00000213983.10
3158,ENSG00000213988.8
3159,ENSG00000214026.9
3160,ENSG00000214046.7
3161,ENSG00000214113.9
3162,ENSG00000214160.8
3163,ENSG00000214253.7
3164,ENSG00000214274.8
3165,ENSG00000214309.4
3166,ENSG00000214530.6
3167,ENSG00000214655.9
3168,ENSG00000214706.9
3169,ENSG00000214941.6
3170,ENSG00000215271.7
3171,ENSG00000215375.5
3172,ENSG00000215421.8
3173,ENSG00000215440.10
3174,ENSG00000215845.9
3175,ENSG00000217128.10
3176,ENSG00000217165.1
3177,ENSG00000218283.2
3178,ENSG00000218891.4
3179,ENSG00000220749.4
3180,ENSG00000220793.5
3181,ENSG00000221821.3
3182,ENSG00000221890.2
3183,ENSG00000221916.3
3184,ENSG00000221968.7
3185,ENSG00000221983.6
3186,ENSG00000223573.5
3187,ENSG00000223803.1
3188,ENSG00000224032.5
3189,ENSG00000224051.5
3190,ENSG00000224470.6
3191,ENSG00000225067.4
3192,ENSG00000225190.7
3193,ENSG00000225556.1
3194,ENSG00000225630.1
3195,ENSG00000225791.5
3196,ENSG00000226360.5
3197,ENSG00000226479.3
3198,ENSG00000226564.1
3199,ENSG00000226887.6
3200,ENSG00000227097.5
3201,ENSG00000227500.8
3202,ENSG00000228175.3
3203,ENSG00000228253.1
3204,ENSG00000228265.4
3205,ENSG00000228300.12
3206,ENSG00000228623.3
3207,ENSG00000228887.3
3208,ENSG00000228889.5
3209,ENSG00000228929.1
3210,ENSG00000229417.1
3211,ENSG00000229638.1
3212,ENSG00000229809.7
3213,ENSG00000229833.8
3214,ENSG00000230409.3
3215,ENSG00000230629.2
3216,ENSG00000231500.5
3217,ENSG00000232024.2
3218,ENSG00000232040.2
3219,ENSG00000232112.3
3220,ENSG00000232119.6
3221,ENSG00000232472.1
3222,ENSG00000232677.5
3223,ENSG00000232859.8
3224,ENSG00000232888.4
3225,ENSG00000232956.7
3226,ENSG00000233493.3
3227,ENSG00000233927.4
3228,ENSG00000234009.1
3229,ENSG00000234465.9
3230,ENSG00000234498.3
3231,ENSG00000234608.6
3232,ENSG00000235043.3
3233,ENSG00000235162.7
3234,ENSG00000235169.6
3235,ENSG00000235173.5
3236,ENSG00000235297.3
3237,ENSG00000235314.1
3238,ENSG00000235508.3
3239,ENSG00000235636.1
3240,ENSG00000235863.3
3241,ENSG00000236060.2
3242,ENSG00000236552.2
3243,ENSG00000236609.3
3244,ENSG00000236801.1
3245,ENSG00000237172.3
3246,ENSG00000237190.3
3247,ENSG00000237424.1
3248,ENSG00000239264.7
3249,ENSG00000239672.6
3250,ENSG00000239697.9
3251,ENSG00000239887.4
3252,ENSG00000239900.10
3253,ENSG00000240409.1
3254,ENSG00000240682.8
3255,ENSG00000240849.9
3256,ENSG00000240972.1
3257,ENSG00000241343.8
3258,ENSG00000241370.4
3259,ENSG00000241399.5
3260,ENSG00000241553.11
3261,ENSG00000241644.2
3262,ENSG00000241852.8
3263,ENSG00000241973.9
3264,ENSG00000242114.4
3265,ENSG00000242247.9
3266,ENSG00000242259.7
3267,ENSG00000242265.4
3268,ENSG00000242485.4
3269,ENSG00000242498.6
3270,ENSG00000243156.6
3271,ENSG00000243244.4
3272,ENSG00000243279.3
3273,ENSG00000243364.6
3274,ENSG00000243449.5
3275,ENSG00000243646.7
3276,ENSG00000243943.8
3277,ENSG00000243989.6
3278,ENSG00000244045.9
3279,ENSG00000244165.1
3280,ENSG00000244187.6
3281,ENSG00000244462.6
3282,ENSG00000244509.3
3283,ENSG00000245694.7
3284,ENSG00000245937.6
3285,ENSG00000246705.4
3286,ENSG00000247596.7
3287,ENSG00000248098.9
3288,ENSG00000248487.7
3289,ENSG00000248527.1
3290,ENSG00000249915.6
3291,ENSG00000249992.1
3292,ENSG00000250479.7
3293,ENSG00000253250.2
3294,ENSG00000253293.4
3295,ENSG00000253304.1
3296,ENSG00000253313.4
3297,ENSG00000253368.3
3298,ENSG00000253598.1
3299,ENSG00000253710.2
3300,ENSG00000253797.2
3301,ENSG00000254470.2
3302,ENSG00000254505.7
3303,ENSG00000254535.3
3304,ENSG00000254858.8
3305,ENSG00000255051.1
3306,ENSG00000255139.1
3307,ENSG00000255198.4
3308,ENSG00000255823.2
3309,ENSG00000256053.6
3310,ENSG00000256269.5
3311,ENSG00000256771.2
3312,ENSG00000257704.3
3313,ENSG00000257727.4
3314,ENSG00000257923.8
3315,ENSG00000258469.1
3316,ENSG00000258818.3
3317,ENSG00000259330.1
3318,ENSG00000259673.4
3319,ENSG00000260027.4
3320,ENSG00000260238.4
3321,ENSG00000260260.1
3322,ENSG00000260916.4
3323,ENSG00000261115.4
3324,ENSG00000261221.3
3325,ENSG00000261236.4
3326,ENSG00000262814.5
3327,ENSG00000263001.4
3328,ENSG00000263266.2
3329,ENSG00000263639.4
3330,ENSG00000263874.1
3331,ENSG00000264350.1
3332,ENSG00000265491.4
3333,ENSG00000265808.3
3334,ENSG00000266412.4
3335,ENSG00000266472.4
3336,ENSG00000266964.4
3337,ENSG00000267795.4
3338,ENSG00000267796.6
3339,ENSG00000267855.4
3340,ENSG00000268751.1
3341,ENSG00000269190.4
3342,ENSG00000269313.4
3343,ENSG00000269343.5
3344,ENSG00000269858.4
3345,ENSG00000269893.5
3346,ENSG00000270170.1
3347,ENSG00000270885.1
3348,ENSG00000271601.3
3349,ENSG00000272031.2
3350,ENSG00000272047.1
3351,ENSG00000272143.1
3352,ENSG00000272398.4
3353,ENSG00000272523.1
3354,ENSG00000273045.4
3355,ENSG00000273899.3
3356,ENSG00000275066.3
3357,ENSG00000275074.1
3358,ENSG00000275183.1
3359,ENSG00000275410.3
3360,ENSG00000277363.3
3361,ENSG00000277443.1
3362,ENSG00000277791.3
3363,ENSG00000277972.1
3364,ENSG00000278175.2
3365,ENSG00000278535.3
3366,ENSG00000278615.3
3367,ENSG00000279095.1
3368,ENSG00000279307.1
3369,ENSG00000280649.1
3370,ENSG00000280789.1
3371,ENSG00000280798.1
3372,mir100
3373,mir101-1
3374,mir101-2
3375,mir10a
3376,mir10b
3377,mir1224
3378,mir1251
3379,mir125a
3380,mir125b1
3381,mir125b2
3382,mir126
3383,mir1266
3384,mir127
3385,mir1301
3386,mir1306
3387,mir1307
3388,mir140
3389,mir141
3390,mir142
3391,mir143
3392,mir148b
3393,mir149
3394,mir151b
3395,mir17
3396,mir182
3397,mir183
3398,mir191
3399,mir193b
3400,mir196b
3401,mir1976
3402,mir199a1
3403,mir199a2
3404,mir199b
3405,mir200a
3406,mir200b
3407,mir200c
3408,mir204
3409,mir205
3410,mir206
3411,mir210
3412,mir2110
3413,mir22
3414,mir23a
3415,mir23b
3416,mir24-1
3417,mir24-2
3418,mir25
3419,mir26a1
3420,mir26a2
3421,mir26b
3422,mir27a
3423,mir28
3424,mir29b1
3425,mir29b2
3426,mir29c
3427,mir30a
3428,mir30b
3429,mir30d
3430,mir30e
3431,mir31
3432,mir32
3433,mir320b1
3434,mir324
3435,mir328
3436,mir330
3437,mir331
3438,mir338
3439,mir339
3440,mir33b
3441,mir345
3442,mir34c
3443,mir3605
3444,mir3615
3445,mir3622a
3446,mir3677
3447,mir369
3448,mir370
3449,mir374b
3450,mir375
3451,mir376b
3452,mir378c
3453,mir378d1
3454,mir378d2
3455,mir379
3456,mir3928
3457,mir3934
3458,mir409
3459,mir424
3460,mir425
3461,mir429
3462,mir431
3463,mir4484
3464,mir455
3465,mir4727
3466,mir4728
3467,mir4787
3468,mir484
3469,mir485
3470,mir505
3471,mir519a1
3472,mir532
3473,mir539
3474,mir582
3475,mir598
3476,mir628
3477,mir652
3478,mir6715b
3479,mir6718
3480,mir6843
3481,mir7-1
3482,mir744
3483,mir760
3484,mir766
3485,mir887
3486,mir889
3487,mir92b
3488,mir93
3489,mir940
3490,mir96
3491,mir99a
3492,mir99b
3493,mirlet7a1
3494,mirlet7a2
3495,mirlet7a3
3496,mirlet7b
3497,mirlet7c
3498,mirlet7d
3499,mirlet7e
3500,mirlet7f1
3501,mirlet7f2
