;TCGA-BC-A10Q-11A-11R;TCGA-BC-A10R-11A-11R;TCGA-BC-A10T-11A-11R;TCGA-BC-A10U-11A-11R;TCGA-BC-A10W-11A-11R;TCGA-BC-A10X-11A-11R;TCGA-BC-A10Y-11A-11R;TCGA-BC-A10Z-11A-11R;TCGA-BC-A110-11A-11R;TCGA-BC-A216-11A-11R;TCGA-BD-A2L6-11A-21R;TCGA-BD-A3EP-11A-12R;TCGA-DD-A113-11A-12R;TCGA-DD-A114-11A-12R;TCGA-DD-A116-11A-12R;TCGA-DD-A118-11A-11R;TCGA-DD-A119-11A-11R;TCGA-DD-A11A-11A-11R;TCGA-DD-A11B-11A-11R;TCGA-DD-A11C-11A-11R;TCGA-DD-A11D-11A-12R;TCGA-DD-A1EB-11A-11R;TCGA-DD-A1EC-11A-11R;TCGA-DD-A1EE-11A-11R;TCGA-DD-A1EG-11A-11R;TCGA-DD-A1EH-11A-11R;TCGA-DD-A1EI-11A-11R;TCGA-DD-A1EJ-11A-11R;TCGA-DD-A1EL-11A-11R;TCGA-DD-A39V-11A-11R;TCGA-DD-A39W-11A-11R;TCGA-DD-A39X-11A-11R;TCGA-DD-A39Z-11A-21R;TCGA-DD-A3A1-11A-11R;TCGA-DD-A3A2-11A-11R;TCGA-DD-A3A3-11A-11R;TCGA-DD-A3A4-11A-11R;TCGA-DD-A3A5-11A-11R;TCGA-DD-A3A6-11A-11R;TCGA-DD-A3A8-11A-11R;TCGA-EP-A12J-11A-11R;TCGA-EP-A26S-11A-12R;TCGA-EP-A3RK-11A-11R;TCGA-ES-A2HT-11A-11R;TCGA-FV-A23B-11A-11R;TCGA-FV-A2QR-11A-11R;TCGA-FV-A3I0-11A-11R;TCGA-FV-A3I1-11A-11R;TCGA-FV-A3R2-11A-11R;TCGA-G3-A3CH-11A-11R
10;23.89297475;17.14192869;62.40945643;33.38401125;120.97257044;16.96403861;41.20886749;63.59975294;44.79382299;133.02935247;128.13437095;12.82392386;39.35230174;84.09617471;46.5278213;11.466453999999999;105.03833786;34.62512374;65.68162459;13.63779303;89.12571929;31.92862775;23.32889312;60.83795125;81.09907779;49.10853865;22.3064505;60.25760431;92.85871481;103.01554369;3.0006527000000003;12.513717699999999;51.875943299999996;98.21049299;8.69526447;39.25186071;40.85796442;12.25325269;16.62703295;31.97812276;46.85543912;16.28440088;16.99143708;164.69567563;77.96959507;129.80445839;17.57644335;6.68808991;40.81695443;45.87790012
60;4657.51811829;4207.4571213;5004.19227944;3453.99894401;7960.26820516;4046.57643006;5105.24401644;4617.88633169;3800.50744365;4818.60531982;7711.30387936;7033.79637611;11325.893875799999;6455.08907474;6530.41285;7157.59482092;4930.49434252;4898.08384583;5522.84191156;4787.12729189;4661.93408306;5778.02621029;3735.72367994;5853.67795209;6379.44049723;5267.88230381;4701.99411872;5220.85000424;6204.66087405;5579.79690603;5689.79584992;5821.40039597;6011.82380721;13999.4717514;5464.62879642;5545.32934551;9442.09689358;5197.64393393;8162.72772627;9476.67184696;4146.35131302;8294.24789894;6374.62680777;5120.08848228;6209.1881845;6206.57331383;4799.94052956;5350.73068542;6083.60942865;6225.75076392
63;687.31010093;670.44335749;687.55087964;659.4805257999999;907.38031546;757.62688837;913.07670413;644.52510651;627.74256101;662.06839188;645.9865105;829.81469275;913.58702909;624.68235431;774.00714643;784.60084354;567.69703253;482.6148433;649.56717993;713.19990777;721.42868009;681.06916604;588.01278382;551.44650379;845.88974331;887.49904512;787.78030319;782.8413459;942.45202693;633.51888038;943.89516361;811.67108666;719.81735574;756.23035026;915.10999622;782.19681755;727.48195756;837.55440747;1067.04310963;698.81037835;667.65700615;785.91358403;805.33712719;702.69423225;747.34574734;590.97017397;643.23423789;816.32796001;828.66272994;830.23472657
71;1619.39912535;1389.96542464;750.38105209;871.64744917;966.52800091;1503.15295081;691.1823718999997;642.57499483;751.37587702;721.37370565;547.2944122;1190.70267039;634.45674337;1454.69734441;1531.84553712;1002.16777837;697.33510927;457.83914951;1284.89343221;1411.61610705;1402.55500584;1510.22220305;706.94246755;1231.13973027;1115.4326563;1272.77959758;1506.70143088;968.10882343;1192.71727626;799.7172465;1090.25626953;885.3475597999999;821.91132479;566.77342243;1088.97781192;820.65962072;264.09468199;850.45736271;901.05296595;1451.08541454;1570.07709612;1679.74425906;2017.79753053;1263.51697506;1183.59342821;713.68311498;1627.93866791;905.84937682;649.52551891;1499.61926758
72;4481.90947962;3895.29724801;3938.96262631;3899.99259701;3263.94643483;4403.34321331;3853.50829238;2688.59875596;3845.16486371;3957.66446224;3137.59278297;4408.59522121;3285.99092714;2433.65810196;5127.36368601;4526.59577441;3214.49564146;2980.76115528;3504.68527145;4128.18556425;2558.13066347;4035.38886635;3519.3375511;3113.5369339000013;4516.38210657;3823.97644347;4308.74657421;4053.36555034;4594.16062947;3886.51857518;4851.64579825;5295.08509273;3919.09178325;4233.30822572;5259.23453505;4701.93121526;3232.04702557;4413.12670179;4295.70529885;3836.94023321;2074.37636627;5295.65911414;4682.56627997;2825.21664638;4784.25734861;3066.80560108;3871.44760118;4199.578762;3676.70612056;4152.15276609
107;357.67313695;653.06582906;334.39782824;416.71815236;789.96769523;642.25854719;388.35534488;608.87653728;365.69487428;1496.65000362;489.77186212;338.78159781;1292.40792735;318.06697689;269.59772874;601.2091893999999;1666.81141896;1431.10210186;184.61264871;357.12349991;577.54127378;529.0100891;1593.10055359;1428.674828;266.41146603;484.436119;191.71933745;667.59943115;241.96377634;1054.80206874;406.70725914;698.64024784;1495.03240581;2045.78577837;457.34204036;482.98608899;1275.69627281;1165.82515384;602.70133606;229.67821692;255.70063894;355.86918447;353.06759137;858.5216292000001;280.45635788;495.78537047;593.0814909;451.33638637;544.45407595;222.58258238
125;319.64930469999996;246.31611677;267.59434983;273.26326796;365.80821546;255.19477949999998;280.39316628;265.3637216;347.54035919999984;272.75471091;213.83386529999999;257.93603777;294.70185937;288.50195639;239.9626826;391.99081403;282.37862956;272.585646;320.84399599;314.78354345;368.08807363;265.28219338;256.9620348;296.53460772;339.33368253;323.63742941;268.63936772;263.14916249;309.29180164;376.71739666;302.814236;331.72453325;372.02408189;860.03170764;287.13795553;466.81981806;403.90425819;463.41919705;628.40930104;393.86347636;241.48717579;351.50196247;332.07563673;273.28086815;299.3877627;323.96699273;361.46377528;318.80305094;413.9876555;315.84539946
131;3821.42479111;2902.03276083;3101.84334875;3188.84790333;3253.24702194;3168.40225036;3320.59048281;2441.69194467;3650.13962981;2474.68436838;2670.09891266;4423.86196589;3627.15778391;3234.90141316;3654.84082861;3376.46463231;2362.71123763;2482.45257528;3123.75763595;3474.14235592;3581.00650775;4167.32578377;2298.69580366;3025.12679769;3881.59246399;3769.37311435;3056.04091206;2771.66706776;4118.68926145;3760.55980447;4361.89834704;4064.39960308;4257.53744884;4998.60460672;4418.03599164;3528.115506800001;2851.71500709;4423.88839345;6730.07274681;4568.88551071;3753.84182681;4799.83132464;4470.0021361;4031.46702126;3535.17385386;2754.38068631;4074.8833829000014;3834.7778114;4018.55415101;3878.76266366
139;2530.23255615;2461.48884254;2079.87775792;2021.852193;2062.57249243;1871.36278637;2010.6492053;1854.36279214;2284.66646328;2161.15437059;2074.04996284;2321.10156775;2403.49304995;2422.83811672;1970.38986846;1758.58048787;2363.155706;2121.1943930999996;2073.42397497;2627.9730016999997;2118.73548233;2337.41895433;1987.39539209;2395.90013694;2362.76868122;2043.30945331;2457.6187288;1920.61757744;1877.92003977;2121.4031352;2299.9848351;2165.29499728;2463.28467274;2535.23429422;2030.9776946;2446.17765733;1760.52142211;2428.13529558;2690.47726056;2770.71973525;2133.01198369;2206.22094393;2375.11445796;2119.9432696;2204.72890176;2075.94933421;2323.19184898;2268.74223433;2326.81002871;2464.39182612
148;5522.05047872;6382.07654525;5020.83571192;6428.29699985;8227.94873676;5549.59006995;3199.35165858;4996.03543556;6069.52870838;6590.08483963;3917.05719996;5872.12740925;5212.79569627;5101.66862844;6486.84735613;6223.60717145;4036.85176981;2116.64882575;5564.97198893;5607.0577008;6509.63780593;5502.79444519;2924.8063249;4120.64064659;9665.1518255;7276.45925548;6194.333536300002;6137.87257021;5202.41997316;6098.74772548;8578.84208814;5498.97257697;6474.24532849;9444.3039067;9087.5852268;5267.67483061;4355.02799787;8034.66853655;15619.627824700001;7854.84832196;6567.34774087;8343.78802629;7949.88163707;5204.38556699;3491.57672368;3417.89192893;6641.60429657;6345.85030305;7854.62684373;7062.01547889
165;399.72290883;364.65150543;362.09844533;306.38827126;427.91480271;347.99006186;407.49200233;298.02421669;454.72984249999996;740.76048507;394.48715519999996;314.54969333;661.34318629;337.25799383;277.42818961;393.29507072;839.46849026;692.70563214;247.77204914;439.80239638;308.91195321;200.77396234;838.28015349;592.04638617;252.84087313;315.88413276;245.7334147;548.4040784;253.04357864;574.10862227;292.25564362;494.70864083;487.85362577;347.87077371;384.49818888;391.50077982;408.02016314;540.66791189;282.91984795;110.23300378;198.16993782;294.52994079;321.40932105;238.45734906;332.95630233;296.79601094;345.88754482;411.95215511;269.3021131;217.60591083
195;1629.03094926;1409.33507718;1382.7970963;1253.92109462;963.21826458;1733.14176947;1768.9090862;1383.67829557;1691.32093849;1327.88576242;1218.71353924;1698.56176475;1256.16651771;1366.94861519;1637.61224359;1449.60030274;1371.86166064;1149.4938465999999;1151.62410024;1619.51397017;1658.94945475;1868.90296691;1670.75256981;1787.53563278;1423.33451856;1513.10113921;1573.05192945;1568.85762907;1423.83093914;1212.178342;1894.05411929;1953.23380339;1690.94049967;1438.14933989;1911.06428468;2304.34987552;1496.92718927;1728.08652009;1395.02133564;1793.44575333;1582.65719304;1974.17948279;1672.6422695;1761.82831583;1350.35849574;1476.35422299;1827.09998079;1813.05387438;1622.09944116;1614.88479629
200;9277.21203848;10052.529451100001;7545.76020212;8692.20068042;12336.960159999999;9082.04806298;4887.62765317;8680.62862138;5862.67345789;5788.98829164;5796.05840357;9599.63553291;6448.85222279;11464.190534700001;5440.76452045;8068.367569;3514.82771284;2274.27089779;10363.878190000001;8223.37192336;8057.73580677;5797.73910182;5389.09147623;7838.88241168;12968.3681357;7584.68564917;10219.213940000001;8082.32559487;7756.86447649;6750.59008469;6298.55781271;6889.00760652;9270.03788529;12111.8808689;6877.61719457;6971.98977791;5548.16303368;8492.19792799;14526.6999044;9435.40092316;13138.040519499995;7854.85100215;10058.5801291;9241.46773026;4920.50514102;5662.87853659;6903.00438487;8469.6650544;10827.8016576;9165.44556124
201;2371.36828898;1713.40502813;2348.33332052;2208.64488977;2228.03166742;2340.4948696999995;1182.87169036;1107.43301586;1646.37827624;959.345134;1104.74224886;2141.55562314;1240.71175588;1071.03954774;2555.09300154;2410.27565769;636.71459336;347.19446994;2007.75412974;1806.7391603;1969.66837281;1519.95481284;725.03845006;1055.96682057;2983.83824995;2191.80329554;2710.39127465;848.75632755;2391.20056464;1048.46650146;2297.17250921;1375.20824353;1316.53523882;1362.19777734;1837.92153869;1280.27671458;773.90496343;1611.60198567;3591.74220575;2671.04033298;2143.59275109;3167.29401615;2820.82634626;1194.52548361;1098.52818853;782.42169326;2404.24577816;1646.99823175;1636.08226821;2508.72981134
234;1615.6581705;1779.73457953;1404.10865482;1288.75873606;865.78299667;1366.59137052;1942.8594186999999;1047.59597903;1353.54579349;1354.4261689999996;1372.49302492;1425.62031586;1854.68708721;1488.55438118;1238.3517178;1182.42380108;3271.1043879;2715.20384517;1687.49563188;1790.27476188;1584.22425185;1815.13374224;2920.15077429;2799.57616489;1268.11085557;1137.78713246;1472.65154992;1523.41526281;1254.56018381;1827.97805802;1825.52591272;1643.13472176;1817.78240851;2144.77694734;1157.91412146;1685.86593193;1158.36937032;1862.58362531;1179.08400133;1681.89448678;1231.76275943;1345.55016678;1372.84018026;1536.81476632;1431.08587506;1671.80436119;1439.73608705;1589.89658495;1147.73967324;1212.84443296
240;116.89905424;80.96508768;96.25900085;105.88837163;163.38366597;81.99914577;107.24619569999999;109.71162109999999;95.81655523;105.62645721;118.2618769;81.15020893;91.60641797;135.76300556;124.40554424;121.55395844;72.64678911;74.11638969;100.27847376;84.51739248;110.40158483;80.08689198;58.43865621;93.77992298;129.50785383;119.06099392;117.09279535;110.33877520000001;122.50916833;112.56616309;97.67466983;115.90197779;128.25591431;246.07302773;118.05621181;120.33384348;150.62340551;109.01303111;181.40000954;139.58042491;114.86464923;130.51367248;97.44373023;138.18589578;119.59202822;133.27665251;86.41008555;75.47822712;159.42494759;103.92684255
256;252.84826435;523.21089125;610.68844675;473.35909272;374.96674605;195.26209605;209.48084227;512.79247847;642.63022927;525.63189683;220.93317272;333.63766208;477.96656216;312.01412202;160.52436403;199.54866536;854.6585587999997;1028.23646335;310.31921135;351.51286265;264.0307538;228.00090879;504.77618271;522.58810899;304.30128376;159.53037384;170.29933208;397.96095531;205.64369846;725.84470274;144.70347809999996;285.1799917;401.15537058;325.41613913;119.66706242;369.35305735;316.72707205;403.41492806;307.70203997;227.76618304;217.99558198;160.80587946;149.83313122;413.98803101;227.04657501;269.40486360000006;413.19407399;238.10580281;153.76429387;120.68501191
259;2467.08618033;1737.85460126;1637.81656237;2257.12186007;2847.68514876;1878.56811162;1167.16786796;1522.20659947;1890.16533175;2084.47768743;992.14783333;1977.3538356;1813.20770173;2181.60606988;1718.43253192;1571.01414319;1717.27871742;1030.25996459;2397.46934944;1627.63933396;2345.87289033;1958.19218327;815.87476141;1709.34587587;2461.00660144;1829.89163802;2349.09283293;1732.11056017;2565.2614961;1756.2878475000002;2017.14878843;1314.90058057;1757.37962838;2871.75978513;1472.16727034;1802.29300202;2015.57000313;2132.89586484;3986.94194386;3374.27048351;2406.10234362;2933.58994675;2213.11784338;2887.84268236;1654.93561687;2158.10572555;2476.21924274;1494.9314335000001;2138.76668313;2418.89951565
260;3265.37668712;2563.42045942;3504.7428655999997;2765.51124015;3362.87373089;2972.65799371;2873.67960087;3291.32645316;2277.0448690000007;2669.96990821;3249.54630029;2789.6877258;2208.89770937;2064.08013057;3128.17696193;4610.01915942;1629.87127008;1752.36127206;3427.96640401;2739.12223095;2085.97930207;2248.01600145;1600.91564634;2504.03119759;4180.85858712;3506.44279258;2897.99698992;3291.34259995;3395.16967336;3082.0828592;3307.67385818;4201.25661978;4171.70492527;6824.48441291;3434.17295224;3924.2513908;2927.48323343;2734.33748044;7390.21078332;3475.49547059;1309.05459616;4653.72852396;2991.88035064;2866.43183642;3032.21141912;2817.04450091;2649.45055414;2518.05798172;4735.93510522;2919.62118662
277;1182.35485791;1152.40203557;1266.03285111;1332.0230175000004;1617.78455362;1165.40946043;936.29408111;1304.37604233;1531.03546604;1277.90165299;838.44871904;880.49458441;1491.15841891;1168.3343454;961.50545273;1127.3357686;1627.12924839;1235.17773539;1057.51801446;1521.40169528;1269.12349226;1206.81278084;1272.34542619;1676.24194643;1163.184422;1409.02131232;1089.11003907;1060.5203826;964.45694048;1813.14905451;1213.40283971;1710.13009784;1722.96966367;1802.0791116;982.83082289;1505.0449992000001;1366.30445057;1946.97941438;1522.23851718;1085.96238311;1187.53908583;1094.53434137;650.59486982;979.57804741;986.24489745;935.00936705;1150.72407539;909.65280425;1136.75991974;969.92252437
285;626.70539307;1215.33023862;780.87066402;788.14108596;659.88461277;841.79990032;591.7552268999998;557.28329069;785.69791689;700.43215867;357.42794231;661.4474631;644.00907145;482.72883509999997;602.36302121;744.07036493;621.63707104;408.43510638;619.01038976;706.33941762;789.1939712999997;697.03306353;719.40708255;533.19026773;876.73936725;670.72625078;898.59396317;736.68927542;645.500261;449.21156875;947.32453551;418.31782107;395.79221526;530.24181996;865.69468118;825.04754059;349.13799164;620.19566356;509.92626222;930.8972848;613.73627254;774.68344133;875.45454868;296.85580659;333.20463009;304.96340541;825.55755055;1013.23323194;637.76822399;766.14293889
291;185.20394283;199.96657746;21.72271985;369.14960337;344.38078012;214.14048163;38.762104;56.75557838;636.50053572;336.88961892;215.32048483;72.72914727;45.38124370000001;320.86210037;275.77311936;217.03536912;351.77978838;87.11969282;148.31373091;110.2878838;178.97198243;200.61308609;75.14535889;134.07740057;116.91186958;162.58575412;141.44253675;29.9951261;292.12251047;305.08745578;196.76356911;121.04942048;29.75747711;258.74255598;149.57258882;891.08576135;9.13704994;191.62947373;164.75278309;579.1345837;102.57916296;77.86960577;42.691646999999996;76.77998423;24.42920886;72.87158074;389.11807914;18.70818897;189.26749317;229.61534285
304;3249.45257714;3750.25200202;2968.09689375;3008.71416103;3246.6403503;3375.804974800001;1899.44733235;2965.23204435;2880.2319553;2617.41047766;2073.88652416;2911.501598;2073.15685777;2099.12787778;3702.59603265;2714.22710011;1948.74817096;956.17147637;2756.48384879;2024.40773914;2810.96647561;3568.09465434;1761.87157645;2428.05746689;3321.40981244;3520.55285818;3147.90778188;2584.71858807;2826.88796489;2143.0711311;4140.78565452;2433.91673069;2631.09865218;1336.35211142;4677.31497873;2574.3709353;1596.30633121;2704.9786535;3430.0746861000002;3863.5423763999997;2741.11421957;4537.97510932;3211.36909344;1122.81725331;1650.36640398;1389.28638833;2809.83167629;3392.30244886;3972.85089402;3083.23417271
319;530.44445628;834.02482258;597.5369171;377.25605646;440.08217937;539.54597479;421.70326172;231.42929046;340.60013714;279.28943319;347.83486375;471.03525795;867.68830284;708.66647027;525.92230876;398.49846518;309.98071284;246.99192753;321.98194047;557.1550758999998;768.42689866;329.91175144;277.58885972;556.48550336;431.75200107;454.61431299;506.97685087;328.11567059;438.35613051;167.37844039;420.26421266;346.51824945;409.66946223;258.05288579;652.74854058;524.60040713;214.31029125;314.10960575;448.87994526;343.79665921;546.93210588;434.71488893;419.48102784;820.01934312;452.15971631;186.46928184;451.21469019999995;582.9491257999998;388.52728194;650.4002986
320;4523.70425344;5006.70368815;3962.82311078;3976.92185538;5517.06165389;4156.99362921;3472.62895762;3657.060054;4049.0733671999997;4144.14052174;2609.53943523;3622.82141097;4985.9816288;5016.3667626000015;4367.99501778;4438.85707345;4735.06396222;2479.77174351;4173.51829855;4327.497284100001;5400.16262414;3931.63768512;3270.75111511;4098.83901095;5484.09558014;4911.99730877;4199.10545234;3914.31334815;4190.8995563;3773.69301845;5757.02204595;4180.41879532;4489.22106322;4255.42534626;5774.65298188;5188.70450022;3782.54419697;4889.83478789;5892.31867195;5692.14326174;5603.24827122;4363.69674115;4270.10718153;5751.92728434;3553.07879244;3457.06090618;4317.68284116;4212.79750721;4780.83715919;4488.94756521
354;48.58252606;92.41701015;64.99320072;53.55313846;116.10254437;58.70786457;74.67054024;169.67104393;51.19811642;115.19630032;135.15566040000002;60.47687621;89.69846109999996;124.16499037;43.69280071;62.94207683;54.75195063;37.49639107;83.29643429;52.70144293;92.68718773;52.78060882;86.52014609;103.75581842;69.11199479;51.91941467;42.83916909;135.7369749;71.38655673;52.04703392;87.04858201;127.95167202;166.03135289;327.73638985;125.60442641;160.4674649;86.04984696;112.55501327;141.56048328;51.69132148;48.81455643;67.59907113;48.34810744;96.54415058;85.98582483;148.78675539;73.49316178;88.03966009;150.64469509;61.58976919
364;492.15328461;587.10339532;445.04425379;421.75295688;486.81997728;500.92208922;531.60476852;388.97042997;457.57987892;313.94443925;275.30789629;777.33076831;1203.60683993;975.66365183;532.37456683;498.95696893;292.87064096;177.0495456;487.01110315;529.38286122;702.8758097;494.84480923;309.32527938;689.89885968;566.39180943;428.61573764;633.44276137;332.54512085;427.47581369;476.05101831;609.35396522;484.41687543;322.91741022;519.94952903;433.67212989999996;323.4020573;406.85223464;467.19965711;1071.26156012;853.51720335;548.53962261;514.34165279;594.6552922999998;826.53240369;409.80629867;192.42498373;536.26873532;675.64665382;374.04432267;619.11773657
373;1616.76214676;1872.95679586;1264.55944576;1306.88597333;1140.28756626;1929.50934512;1490.51427791;1017.55957083;1396.81275825;1219.95061703;1136.41974379;1680.81644588;1362.47104932;1767.92641063;1585.5335929;1360.39126776;1880.8842616999998;1688.14866415;1359.76011089;1796.51891375;1898.6002202999998;1893.41623683;1994.82519518;1636.63611125;1042.17481474;1204.65771774;1640.29137323;1456.25216922;1759.99178125;1607.03781311;1921.15005336;1951.83449937;1127.04498864;1599.00285918;1940.51442256;1994.53082273;1489.41261743;1798.48004393;876.07484934;1376.98862505;1743.77976166;1980.6088829;1616.02679905;1797.56046727;1550.13653525;1201.90324497;1799.21719296;1676.52755983;1402.1526405;1514.96960358
406;910.77619861;827.77746587;779.6130357000003;724.63562504;695.31352145;1149.53045821;963.65007145;1037.0578157;997.26321579;1088.7860878;870.49763459;783.80849058;1103.58238897;956.26929009;712.35381163;629.59149196;1200.60331435;960.98171368;759.82620253;994.67407234;1031.58434169;884.84631363;1354.94763076;1292.61991526;976.13255533;874.30529368;674.7263191000002;975.09448124;524.97108575;911.03858424;987.99801011;1070.69299329;1322.03343427;1227.04115911;825.60022839;1255.77264523;1193.06059533;1095.73560321;973.63959863;1014.43565478;911.0512288999997;806.24734171;654.81328087;1169.308835;721.77120322;1061.29378246;1064.54475903;968.4865025;1173.44721304;719.90331641
411;639.75397934;765.77724571;537.17808103;728.39022233;391.46996108;455.65264083;628.60698146;366.38340855;710.76635236;410.03824486;440.30905237;531.72655825;539.36268704;262.7263854;468.56400106;560.43873869;552.99589782;378.76053872;338.85392939;452.53336949;287.0519958;538.23212419;750.08941879;604.29260567;430.76189698;354.55622466;345.05489322;411.74332503;379.43547881;428.09301305;708.66035932;719.13641851;382.08291297;427.02376464;681.56365625;463.20177892;737.53725597;650.21491859;476.08759777;417.62824221;269.53871021;519.06066029;409.75147825;163.35008294;392.69074377;276.94423785;644.55457337;591.91372451;621.55787048;376.50060210000004
435;692.79480671;508.16292821;430.32751493;505.75287801;765.88200297;500.03222962;416.65782022;374.55948846;587.48709426;582.94886794;321.96015923;476.76203487;496.39768498;565.39719829;1275.78781625;718.14316588;866.88732233;334.56408656;617.12293742;545.73881424;645.59495654;570.37302634;391.62205446;534.23439378;668.9885627;610.08510386;792.95832343;363.79067181;913.8363365;372.03227738;755.60594865;487.21599041;445.84530653;645.14195125;615.09332049;549.83453116;614.30802093;584.98384753;734.5548633999997;792.22798339;597.83734388;688.308816;508.26504486;536.89016241;787.61014725;569.97403401;778.28892652;587.52864974;669.10103904;862.46570237
440;6325.46125958;4666.39675824;5358.08229539;4762.29355767;7046.85428048;4947.21992163;4246.86725584;3496.14147409;4366.54636413;3207.44677717;4047.65024272;5610.988304199999;4028.58408018;7546.60099902;7137.47034491;5825.38609682;2535.85718046;3529.86587514;6488.7056016999995;5460.56531983;6577.2449368;5308.57717073;2396.35027636;4290.37601973;8083.84093545;6687.7067563;6878.03275549;6424.97001935;8918.81069234;4612.40009108;5988.90921479;9024.80030982;8016.88289167;11951.9351266;5758.01206566;3978.84079487;4620.22009922;5767.68240762;11502.890907500001;9870.53399994;7332.06039475;8617.10312378;5897.9410122;7846.03664789;7764.9082531;5186.13876854;5205.85997018;4824.23322439;5229.26004641;6884.07668336
455;171.85023969;146.86416689;182.93104291;224.42680661;254.69231295;148.36364451;227.84081674;298.63684881;191.58443556;156.10015622;278.21668362;176.37728276;161.68223204;135.61407367;216.55590669;214.45573934;126.35407282;157.42910585;179.04632134;166.25996875;168.23781215;146.08421141;119.46906352;181.09143073;228.65218231;207.97130999;186.421747;237.14202083;174.01833292;213.16860202;196.32309186;230.86470219;228.20404376;412.37522777;255.13449309;376.03363474;348.56053191;164.94625929;298.00470149;200.08791098;178.26375495;239.55237541;203.02930165;229.21595327;218.58006802;335.72884756;179.48893178;181.5391653;248.42832217;182.15626932
472;568.93596779;1111.41475566;921.63285782;571.88327667;864.15575986;429.44295279;335.59857437;796.97358604;343.45298441;634.80216146;439.77845036;725.52498368;727.67479262;841.98508514;538.13736886;590.27861322;380.86838929;540.40761959;463.72143562;716.16889473;409.64994668;505.96739984;589.99677338;518.71499206;921.50186837;613.21988974;605.10664139;1283.3028018;845.10906147;623.70627269;348.96050588;1081.29669668;687.58609392;1658.98679211;535.45721444;378.65758495;197.15430799;564.08743841;687.93969686;359.43798589;766.57808496;557.02375026;1048.98149194;851.60911049;678.03214378;646.54232215;435.00323403;503.90548383;321.64356807;604.3355707999998
474;31626.484420599998;33276.1590097;39516.9705089;32660.489837099998;30469.3798452;35771.1491763;38016.1417524;30203.7582333;28346.4959347;20070.1755472;33033.3981571;46358.532384599996;16913.7930051;26988.56656090001;47628.31969780001;39295.4598871;13804.5938537;14182.5873095;36798.1483988;31440.796846900004;29219.54298820001;37505.316340699996;17328.869401900003;25598.1944991;43614.748453800006;36896.88885990001;44486.6331203;31623.7984806;45301.7667918;28123.006602999998;40451.7592233;42652.5262399;31549.41446750001;17275.485627000002;55227.30694839999;37456.2155009;12849.317761499999;29555.9750175;30638.2222819;25604.636182;33049.6434255;53484.763707699996;54790.89962999999;30778.820250599998;37308.08028230001;31171.56362120001;39453.9951264;47718.6479023;40572.45725930001;42829.2461353
496;222.41039759;174.48915679;107.68858111;183.90127653;230.82099037;147.61856343;157.87909499;69.87866145;174.33435136;176.1961615;74.98226383;155.62024839;280.64877702;165.76027969999996;171.23668638;226.93956044;136.02034434;124.34080684;211.52561909;213.07172638;172.16853668;136.5471555;93.13683482;86.97077293;311.81681134;143.21972893;152.11413557;181.56201061;253.13453029;201.97070545;214.00124275;120.63800928;138.92493206;522.07446862;99.35745145;83.39677675;153.80643329;227.80496585;322.01658702;239.88872880000002;153.05978733;159.698034;202.62249068;365.16470539;249.98624095;210.33442513;170.84605325;118.77523721;78.68266761;252.84091734
529;535.16019639;224.4070864;290.65573742;333.68622713;574.02883551;412.47554957;379.74171669;315.76677793;436.25929896;252.74132529;177.30850809;386.58084718;384.11505613;314.59357275;683.95467008;463.23251851;335.03007373;171.27028999;379.49404568;391.25999544;415.47159564;398.15592151;155.83841901;258.00884176;580.38198472;526.74339973;670.31282576;259.12995318;536.19758002;268.44193241;618.62458287;480.99616249;299.02435525;611.38887246;422.583879;448.27812236;463.39812187;591.5171673;927.52177939;746.95035204;456.64506311;791.15057122;437.28294491;274.83087082;336.77237254;183.93949881;524.70319187;443.00155199;524.55674763;583.33663065
543;312.45593367;342.31457666;256.75097149;275.53620436;335.68802017;395.42480309;291.32485935;155.41191012;302.3374970000001;151.11846356;173.92187393;278.2080856;439.72884874;410.91479326;327.37983925;323.79204996;173.10799428;113.68707606;253.29996877;321.01181665;294.42929437;349.96864727;179.99124449;213.45391836;324.71833243;291.02551792;296.29384435;160.86873995;445.39366506;275.49011807;385.71704262;286.29198207;204.16855219;242.06673396;308.4096577;283.47777669;170.3633476;275.70078866;318.24736355;250.01633098;213.07280026;313.33757529;311.03411829;245.77829228;357.37133204;186.54822954;303.30890337;299.19528329;142.97300278;426.86801927
549;1930.34339089;2483.25949074;2872.90035948;2509.36343411;2012.34420921;1973.31734452;3138.54667836;3514.54811193;4169.08649831;4019.78767579;1896.96238672;2695.24844477;2810.97550786;1826.84605739;2279.63314316;2509.14465859;4595.12864813;5412.98241966;1592.49115537;3009.35636998;1401.79669902;2519.05366843;4793.53214125;4214.87086181;1800.48099144;1616.37726371;1692.84190009;3724.41895943;1877.79381304;4856.20203509;1491.86301034;3893.13870364;2510.16343563;3583.99087773;2566.44042024;4593.6597617;2608.85836314;3396.62354812;1251.39059924;884.0968552999999;1940.22340903;2440.37392937;2131.05090142;2465.71246755;2214.18279704;2576.15771073;2901.63432864;2711.86210069;1917.77261937;1705.33045236
550;3386.27295499;4055.7835502999997;5079.55357812;4015.29736937;3791.17832357;3421.56425895;4940.61439544;4760.67978482;6084.24499954;6691.53438955;3113.45876348;4896.88685173;5147.08745493;3202.37638018;3613.27266522;2880.41637646;7418.60174665;8363.49818164;2866.51359009;5245.65733364;2171.05558327;3868.61744967;7664.43027303;7056.11900973;3230.46479903;3172.28141482;2917.07769605;4964.244474499998;2988.63330084;6459.66170006;2633.21214828;5522.41319702;5314.8600805;4309.80173912;3333.41072547;5800.68401347;4018.61362572;5804.55194888;3651.9377609;2592.99013653;3236.2204294;3397.97135234;3471.53151415;3885.06574429;3523.54712505;4016.32518035;4887.37420226;4201.05559055;2882.80950457;3075.63172372
551;3980.64749921;4449.65662672;5377.159102000001;4567.8079502;4349.83005372;3304.29073049;5394.18200692;5456.42133294;6646.75476238;7528.15395917;3813.27897746;4324.07991659;4983.92951123;3276.67882402;4213.38228696;3668.7648529;7853.35455295;9059.30913161;2946.132679300001;5235.49650241;2405.13491852;4104.95094137;6849.07460691;7458.23827079;3472.60522137;3718.81745358;3065.45978131;5910.59473166;3125.8102568000004;7964.60331085;2497.85431726;6240.91731478;5617.49904154;5482.19928437;4199.63334508;6652.05641472;4516.66140494;5845.44376331;3417.84150683;1846.28919255;3174.07527458;3794.78139674;3558.32193467;4023.65819137;3770.59438703;4460.25024352;4775.68041091;4299.0154207;3280.13396752;3075.2212843
553;86.91373109999998;82.42312132;93.37244100000001;120.10734924;128.95487617;74.08640096;111.24668309;123.87592138;84.82180719;78.37458057;156.24736719;98.01264683;56.35680261;74.95997435;99.31402966;148.27104242;49.22837276;66.61725992;76.35345249;71.64090064;81.7720997;75.29699148;57.8973087;79.96329;110.73077908;110.88430133;86.97097859;108.52429058;116.19859483;103.01180004;96.23907997;127.78118635;108.59937723;242.14885459;133.07311043;164.98683761;172.01847662;100.14774101;149.7231378;65.96646161;72.29185985;121.49553327;97.52698278;105.12757223;128.46470277;139.62129065;77.83304659;82.78824562;151.05545397;68.57200345
584;109.80914378;166.40908298;221.83499817;161.55364339;100.46130693;175.31101105;199.21355266;220.02772992;96.13194876;256.14881215;201.36575547;136.853507;163.70775523;51.99700197;128.83730784;198.65907643;280.96491197;245.79557312;118.44632719;158.8099469;112.46539392;190.52609173;392.63664945;267.82915928;179.67373195;129.35522833;143.16205738;260.02231055;134.43839162;169.9187911;172.54637912;242.65874759;252.96683023;213.73158458;290.24943502;404.38255992;156.56896673;216.38274149;135.70317515;99.76952348;83.25441653;220.79127264;155.27288533;72.96093877;111.15916677;138.52877849;171.69264327;196.74687836;217.05734995;104.73589721
652;367.14402396;228.34215905;153.70843646;115.11972913;313.6157553000001;282.88543532;60.94657828;82.73082956;179.58300369999995;168.79289788;100.76293145;192.89561038;251.89600441;172.41512259;50.76704407;178.17782261;115.20180929;50.71168153;91.23797316;145.88955563;194.64348718;166.94487275;60.81859303;112.65618689;113.32212744;162.29162289;120.09284198;84.09969209;82.07376772;161.49174235;72.5831749;98.19516539;36.66191441;114.93090271;77.6525791;110.05179912;13.08769023;145.81162365;72.25511394;135.9613715;91.26272429;75.02957753;165.10043302;23.39998843;85.66587065;34.41793051;177.80976029;41.36072971;83.67965253;126.48749377
671;5223.02880182;6147.40629588;5681.89512991;4713.90118591;5460.80162226;4519.24924442;5002.41972125;6071.44186935;4626.97074597;5516.23128391;5534.49690106;5466.59611988;6847.4894909999975;5576.14770216;4067.70326801;4097.48001844;7097.82334808;7899.68346684;4845.98683436;5031.16530925;3831.01599617;4166.41331243;7040.39203442;7290.66819415;4583.77045013;5404.93083246;3770.15607975;6218.0312327;2999.38015375;6657.74365573;3832.1253670999995;6625.52215446;9641.972623399999;12006.125356;5133.89016689;6066.92393944;4299.86602374;6761.13661326;5469.08109393;4056.6334541999995;4381.91114077;4248.76027042;4936.8572406;6125.23025966;4994.39221751;5963.50208209;6203.18919229;5116.21652114;4898.26733904;3621.59685597
688;13523.506949399998;10703.6415004;21740.5083083;18959.2519992;16494.1415365;11475.555422700001;12770.903961700002;14655.2655067;11618.0148938;19799.434164;14820.1328206;7830.560917899998;15292.343786000001;9569.51064938;14112.875918599999;12867.6461865;7672.4671418;12615.260013299998;23490.571518200002;12310.859980700001;14479.8586104;5732.30125396;9234.94472464;6559.89050037;17676.1487323;18887.129914200006;12270.7888104;11588.7335928;10698.164139;15258.0368474;10408.800402200002;11458.065671600001;16096.8454734;5917.58608795;10410.013097399999;6010.74289832;8082.08986502;10559.3824439;27213.188615;25158.9320881;11004.1987107;10521.2801085;11073.8291049;8663.71611902;14558.6233735;9173.65359749;11208.096445899999;9272.55864789;11037.6604395;11714.8501825
690;11224.0383865;7950.69701973;14892.315340399999;12540.0136985;10984.4167861;10194.9298631;8280.34243254;14740.0128463;8594.4451293;14411.1968824;13437.680281600002;5635.82551928;12996.897368200001;5789.8307071;11137.750262200001;11842.1629404;5645.16302702;10566.3046746;15819.452841;9340.56151244;7444.67000461;5425.56647178;6993.56847831;6421.02894212;8095.35054083;15169.8869473;10220.6232779;8988.61666231;7546.63849829;9447.24480948;7885.68361353;6735.6895389;15644.8478527;1901.79167984;6807.03064157;3846.80418927;6428.05812091;7249.40494122;18509.6374937;16268.604940399999;6181.29873014;5948.39527907;8641.8044146;3363.56656366;8463.66371406;6822.77496174;8666.45931292;8510.78137358;7861.28907784;10016.2544088
694;8128.48290909;5557.00342342;11736.7108844;8659.05981048;6341.44939558;6151.36051363;8812.83697664;11065.9066271;6676.53506256;11111.5217179;8965.94880709;4324.84645342;7881.32133533;3481.50186577;8255.85971987;8823.49857394;3969.92095618;5974.76450735;8081.61073542;6064.59897428;6384.1286221;3234.04804714;5915.17919031;4276.88511701;8411.86784417;9114.90722213;6505.66076386;7661.61003014;5455.76394146;6317.34190374;8136.17679899;5946.57689656;9441.95504923;1958.25342519;5247.66447239;4281.20913632;5396.9103093;5009.58663185;10799.192933600001;7515.46814445;4777.24483794;6314.2650999;7192.86622777;2340.39194366;7081.4513134;3900.5918529;4636.93148342;5466.87811379;6405.91774101;6887.98059971
696;16432.1975508;10417.9204816;19685.5608069;16135.3802875;16523.664259999998;14481.0522869;9621.50329552;15415.4843804;13113.301973;21984.5797819;19442.662982299997;8883.2820412;21420.6300792;13828.2819072;19142.6569003;13887.945733200002;8445.90452277;14409.574373500001;21321.632355;12974.698016600001;17459.0940075;9705.19995245;10814.8715751;8882.30031609;15609.641416799996;22284.6857405;14812.8733685;12492.1585623;13291.5112419;16680.3985401;10228.218326799999;9364.46409581;20974.9868427;2745.31287286;10992.288338200002;4618.19562321;7878.97247255;11554.7399426;24153.7555862;25016.4224896;13400.8383207;7282.66973229;14140.1991472;10801.5612028;13581.924019799999;10394.8977156;11730.1492966;12277.387853100001;10147.9335486;21331.802194
698;8653.77253691;6289.2714278;11976.2637121;13603.2148755;8022.92502622;7200.13620442;7370.70490437;12448.045424099999;6285.03361005;14472.927396000001;10904.1719116;4253.15108717;6416.72694458;3651.32348948;9231.40629082;6515.94824537;4811.97303759;7275.74981768;13247.043365700001;6610.50326963;6195.51466926;3545.4233646;4531.59881001;5150.21008431;8216.71502608;10696.9626225;7377.24843759;8594.69325607;6608.90468005;10562.0079723;8281.60148656;8931.7187241;11487.584106799999;4651.28438435;7733.9576183;3977.01149195;8120.913890999997;7512.01371995;15065.582845500001;11615.150629700001;3845.45400538;7977.66189779;8546.48617331;2554.21662609;8540.36882727;5652.7333247;6928.22201297;4887.10512267;6719.01374909;6341.07156175
700;13584.375987000001;9424.6936265;20427.1157607;17579.975111900007;14163.289130500001;13295.4689244;11795.518159799998;12204.488497600001;8484.27887837;20058.643448599996;13555.3429193;6495.11084497;15250.011950400001;9048.98998906;16293.569192899999;13287.437022799999;7404.26557933;10250.4434137;19731.0448433;10658.739656799999;11303.709080600001;5981.93309789;8890.65373278;6977.47930928;10955.587202200002;20292.132647299997;12570.342209100001;7926.35095842;10220.230284000001;14737.898031;10816.180536799999;10047.3350911;16278.0131636;4577.59797415;9660.59199757;3920.0120976999997;7189.79491181;8770.82385563;20825.3985929;19202.962068099998;8449.94439617;7874.86950301;10981.1637705;6177.67612699;13320.543712;8779.8642373;10121.5564463;8794.44731302;8871.09098262;10945.2820486
704;16601.121160299994;9273.36922492;19432.5857137;17714.6884037;16677.9830615;12270.2227412;8651.30816295;16545.5361341;14753.1317401;20873.3135352;17117.181498500002;9014.20543566;16663.5327854;11992.914900700001;17384.6823063;13108.888227700001;7245.69166942;12528.2429;26819.0121564;12179.423547700002;13231.303383700002;7829.17325338;9769.40383646;7799.03866663;14721.0323743;18917.2684853;12887.1124089;11173.368802399998;13231.3456035;13540.229259900001;12080.3867316;10007.256928499999;19612.404563099997;4946.14396061;9886.98434998;5107.71377251;9869.27956012;11848.8554018;27085.885819400002;22780.3521973;10463.0147865;9717.34113138;13037.792597;9461.37448551;14412.110754799998;10755.3843841;11101.2606481;9870.46926672;10827.8575358;14926.3482081
717;4954.30176561;4031.84779663;6988.31577055;5982.74272121;5008.15147183;3523.19112153;3840.418465300001;2076.83680428;1750.48635353;5329.66110362;4371.64252148;2062.70994496;5069.08178432;3287.65345835;5091.87443045;5829.38983623;2677.38864301;6584.24566244;7544.33283688;4160.35536232;3937.75311522;1157.40734059;3761.17534316;2674.27150216;2489.33174811;6644.77821814;5503.87769284;2850.56231089;2272.00323772;1796.58650422;2207.64407776;2325.45658444;5087.99980865;224.64405733;1596.41945866;890.99066058;1251.48283709;2316.34331649;4703.41091913;5838.7946122;3337.20809936;2007.16729737;3262.66378586;1145.02933613;3303.68402544;1745.16760523;2930.85689612;2911.3385098999997;1898.0694098000001;4248.78166066
737;4452.35466843;3182.19500688;6004.83660915;5765.12940731;6295.91867456;3911.65164411;3711.80892537;1644.66177811;1387.48105745;7817.19507244;3786.56516411;2072.34262525;5191.26345233;3990.06085999;7850.64639829;4904.96156254;1819.30868077;5109.0930193;5717.6245421;2721.45391071;3114.28902575;988.80023281;3635.46778553;2184.96282466;2303.04390838;5408.38077666;3941.60397801;3218.46932119;3610.63744405;2509.64780986;2058.81329456;1955.92720403;4436.91738497;161.77472589;2152.50958253;968.12897068;1535.06382825;2045.30959015;4441.94266737;5086.16258474;3895.82271153;1748.97759837;3059.04147129;1757.13499085;3275.36884361;1955.35822856;2553.65012037;2770.82888729;2154.70823657;2902.23973068
739;1332.63468213;1331.16981474;1815.53104664;1316.70373584;1046.79930825;1638.22150031;922.43283894;1358.86188198;2665.42460821;3761.4401001999995;1326.4854541;1292.57613698;2691.31479285;1914.83369296;960.34563381;1738.79005924;3715.41029231;1589.06719343;1403.06283397;1570.48547181;1963.56124045;831.34917181;2440.71437478;1596.82216929;1953.15765144;1816.45872852;861.96143162;2197.25766248;921.34157937;3378.29982962;2352.59632037;1935.72853091;2480.20931741;5078.87066636;1620.31916282;747.50813087;3239.15549754;2697.3305524;1761.29114094;1435.09524246;1293.65025686;1297.18430248;1090.94172081;1179.77231016;1071.76849733;1041.35878032;1979.60499315;1407.36533522;1247.60351249;1450.9410467
742;5150.91144196;3249.05388487;3689.61649935;3746.72163576;1614.92268538;3367.59954726;3180.31885525;5767.67623172;10422.3685244;13268.939473100001;3741.23876531;1947.62368018;7268.75287595;4018.75086509;2853.39993043;5045.82981379;13750.389212600001;11614.9100751;3538.01615131;6952.26056882;3566.66355969;7362.70499023;10500.2848448;8456.58998062;6552.11877651;3814.84649468;1473.94418198;12692.7941921;1851.23257519;13507.4601709;5807.88732828;8085.49628782;8670.58652379;14114.809659;5871.40064217;5496.17701197;16130.5499677;11927.7219731;5699.05346937;3924.31696733;3108.0893018;3474.51733873;2143.03822229;3550.60528124;3047.07841075;3146.83712125;7052.21803486;4031.74431158;4117.33318147;2145.82573926
757;719.56466884;912.33734157;724.20670188;511.76172074;735.25391354;913.4068625;559.35776629;349.76315986;694.54187169;283.77493210000006;298.65405921;673.85288228;843.30559666;1083.49013893;758.67180225;752.40200341;473.37071691;192.93542533;595.26064707;631.95519604;901.73117775;570.16154841;382.49253255;602.0520676;700.03788241;490.90555379;949.1145243999999;186.58775975;702.35732563;489.29653334;756.92848225;668.66590517;380.43368674;688.73222653;856.50521844;585.21682826;41.68838195;554.20605512;1138.4247785;613.02705778;1275.86066256;727.20711832;751.76234433;755.18075433;529.60923221;137.82664680000002;617.88809978;578.80533212;429.10855256;740.49874132
764;593.40614756;1241.59281397;696.15725705;621.00014882;86.23575707;630.60673796;214.55147432;1173.10894025;734.37472119;354.6670499;610.95310524;790.97016242;898.21251273;633.68830353;312.12212683;401.59077088;68.12667813;17.91882977;384.77059222;367.55520325;554.76704689;649.69374021;215.67781926;576.98122503;620.97124537;795.12648659;234.37811884;434.58961643;313.64505073;281.83546236;477.90017285;267.78169272;316.18206365;328.7699602;917.88613225;567.38750169;186.61605898;528.12187489;1334.1383568;794.33856318;549.6343057999999;680.53358348;191.16638293;538.80543563;203.40081757;307.44518302;722.4281695000003;1051.34101428;841.85088502;532.26772586
766;3191.70553638;2439.47327194;4114.13361462;3809.44149493;3012.70479793;3182.87831747;2457.39690061;4247.67717421;3779.07058706;7359.57707144;2792.14078233;1758.76533188;5020.80521661;2047.15861667;2483.30146943;3191.88900955;5797.33824087;5778.12160382;2511.06604384;4540.36565041;3432.75148883;3084.47202548;5816.72059384;4898.54299154;3408.79170671;3866.67701028;2592.91906724;3662.79283111;2135.10612896;6962.16802772;3202.87788937;3969.60945143;5931.52665914;7120.49925981;2919.27905266;3822.03964326;5246.76609506;4908.25802482;3641.76952345;4352.8542391;2783.9234333;3743.04635576;2364.91370099;1646.48462174;2034.36519885;2579.89790128;4511.23121407;2987.96765053;2692.16239588;2264.51793605
782;57715.9843;55654.4209875;35158.3300125;53042.0874875;40400.582625;34870.1861125;47081.73686875;47724.16093125;49680.324075;45692.95618125;69541.671475;46669.53698125;53316.18144375;69813.3291625;54503.18074375;53684.48565625;50953.45604375;35090.310362500015;78493.63299375;42903.40445625001;52535.847175;59194.37326875;34527.04066875;57389.74158749999;61510.257225;46766.73445624999;57584.49812500001;19910.80365625;52683.92571875;49794.293175;39861.82319375;39487.100075;37586.00281875;38164.08049375;56898.3849125;31362.2854125;22890.81368125;56001.49578750001;67285.956675;86407.66486875;103542.09715625;27732.25844375;53414.3279875;67855.27285;70035.3941625;65815.91313125;56929.23469999999;44692.39868125;48335.91804999999;51145.708
783;198378.5331;169798.89144666668;187922.69894;158562.4632;86513.77281333331;128026.94311333333;170328.19501333334;161926.15245999998;235952.7365333333;116604.69642666665;73290.61556666666;179598.03622666668;141538.58047333336;143138.32495333333;158244.84560666664;162609.98320666663;110559.0613;143717.26367333336;128133.95146;195542.26904666668;143961.14747999999;181519.19424;156769.52392666665;121262.44581333332;205589.5532533333;176621.44105333337;146812.2398266667;121371.55779333333;88358.84938666668;165375.36790666668;147685.41014666663;217204.28696;104483.30394;113200.06405333332;168463.3082;229257.96818666672;176819.50332666672;184785.83668;173139.63376;185113.77199333333;155348.7438666667;136995.00816666667;218520.65842666672;122095.61393999998;115470.64785333331;128692.23072666668;231393.30246;232025.30542;241730.69994666663;167728.46228
784;188392.95238607595;162373.93570253163;179436.42326582278;150845.51619620254;83937.03010126582;123383.71108227847;162453.9865886076;154463.9081898734;224342.19777848106;111559.07801265824;71068.08789240506;173885.71466455696;137483.88005063293;135951.83898734176;153618.97424050633;155772.95722151894;106319.71737341773;137976.65325316458;122431.97589240505;187636.89273417727;137678.7579493671;173226.27351265826;149687.038721519;116737.63358860758;196196.1492721519;168463.93945569618;141378.3019113924;116283.64653797472;85451.44126582277;158363.35657594935;141968.00381012654;207913.6911202532;101082.40074050633;108976.85823417721;163195.70792405066;219158.14188607593;169380.7850063291;177839.9681518987;166627.79356329114;178118.7823607595;148170.14679113927;130724.62163291135;208706.9412531645;116520.391721519;110458.29067088607;123412.6231835443;220946.82817721518;221278.10606329108;231413.90626582282;160791.44065822786
785;98017.5951681818;125404.37798181821;145065.33832727277;128909.39548636365;84023.51135;123640.0608590909;245900.0257409091;203480.25339090906;111480.89981818182;145296.75877727268;246058.9321181818;114877.8566590909;89747.24554090908;116047.63465454544;90737.95372727273;98189.92997272726;95687.67930454543;152882.52159545454;220717.52405;102960.29223181818;101340.1179590909;120512.7143318182;168916.1637681818;141992.29543636364;111554.23786818182;153698.10205454545;132448.23282727273;141054.63700454545;153035.9389590909;94059.4516818182;87591.04119545456;114110.2861409091;109901.67917727273;158793.51126363638;139403.63111818186;251182.60803636364;192619.05313181816;85377.91071363636;95512.04038181818;72744.07508181817;219637.78700454548;93497.30530454547;101694.18531818182;133432.47708636365;201044.4639590909;180233.7635681818;60664.920995454544;124794.347;115179.97191818182;103982.9086409091
786;3660.6992363636373;1706.960468181818;1925.4708954545447;6871.384486363637;3228.5452999999993;6685.990609090911;10642.132336363637;11095.681177272727;2657.1421409090913;2537.0044272727273;10588.227881818182;7642.215168181819;6640.5527454545445;8138.171668181818;8745.255745454546;8419.486918181818;2791.934304545455;6724.303127272729;14491.080686363635;3490.91065;5991.866072727273;2780.1195181818184;9029.015113636364;8846.606295454545;7903.512872727273;4871.5742590909085;31105.094913636363;15030.197913636364;2271.8475272727273;3971.439545454545;3624.213109090909;2142.7888272727273;7605.570372727273;22797.815995454544;12234.604577272727;17450.767890909094;6635.299518181818;4044.95065;6330.107099999997;3189.802240909092;16384.443336363638;9409.079486363637;7934.6797636363635;11814.341604545454;68423.71310909091;22403.44841363636;1397.9466727272727;7485.628695454546;4961.244454545455;5751.8501727272715
787;3421.5878920454547;2481.7679431818187;3234.3486022727275;3187.507465909091;2302.384261363637;2635.8051420454544;3440.638176136364;2850.508471590909;3348.409920454546;2408.9265170454546;6286.986005681818;4476.71375;2915.429642045455;2794.931670454546;3289.346539772727;2737.2164488636363;2635.7788181818178;3199.4071534090917;3087.3978011363647;2966.148556818182;3071.176102272727;3225.6923238636373;2719.690602272728;2860.9971306818184;3228.01375;3171.4264318181818;3246.5091988636373;2182.1190795454545;2663.562494318181;3170.8595909090905;3425.699284090909;4058.414920454545;4146.045068181818;4859.56402840909;5158.186795454545;4891.908272727273;2842.519789772727;4104.481295454545;5966.007409090909;3949.203988636364;2723.8373295454544;3130.6168181818184;4082.6958295454547;1868.8435795454548;3457.506607954546;3839.3568295454547;4344.818255681817;4346.754454545455;3544.6765454545452;3161.146448863637
788;3653.488483146068;3017.262370786517;3590.202511235955;3501.4739044943817;2536.4076853932584;2907.1269550561797;3722.958146067416;3077.804820224719;3685.1550280898873;2699.277213483146;6565.603696629211;4523.165803370786;3253.597146067416;3286.4906404494373;3429.653983146068;2926.1895224719096;2968.8500730337078;3458.6452471910115;3394.014764044944;3373.3238146067406;3564.269280898877;3747.7004887640446;2939.2253707865166;3058.8389887640446;3371.771792134832;3449.778387640449;3554.7882977528084;2419.819224719101;3037.393382022472;3532.252191011236;3763.1132191011243;4430.746443820224;4572.192735955056;5190.331264044944;5342.446073033709;4840.289797752809;3043.168960674157;4391.397174157303;6375.278926966292;4190.233837078652;3157.2322808988765;3413.1023707865165;4369.243157303371;2161.9060112359552;3554.1784101123603;4089.029719101124;4540.195702247192;4517.387483146067;3817.206606741573;3266.523550561798
789;52673.25972941176;44403.52227058823;45488.08972941176;47651.65141176472;43334.33026470589;65639.21399411767;68456.3110647059;67565.86556470588;62854.56788235295;50105.67157647059;55239.603123529414;39791.8599117647;38465.43515882353;35780.93762941176;22637.925476470587;41152.75952352941;39339.83882352941;60498.52497058825;32563.02040588236;56685.45063529413;57243.132323529426;44427.837258823536;88773.92345882351;33294.107252941176;33467.5432;58063.07618235294;39892.671664705886;61971.52616470589;43564.73231176471;31636.32505882353;45510.17139411765;44914.74721764706;33332.58848823529;53692.70223529411;48896.08403529412;81624.3693647059;58288.01731764706;34260.346805882364;28741.67110588235;23197.6412117647;34270.76633529412;53399.08360588236;36687.18322352941;25005.22272352941;45349.8019;33646.39026470588;35817.433094117645;48506.46729411765;37056.57904117647;36894.4771117647
791;7115.848899328857;4421.1626577181205;2868.767701342282;2811.799520134229;3952.712147651007;4364.776654362417;2290.647634228188;1920.596553691275;3540.837335570469;3113.428516778524;4841.518265100671;7091.509489932884;5040.755476510068;8152.894570469799;6554.037130872482;2461.304006711409;4821.751627516778;5531.437526845637;4682.52755704698;5472.877318791947;6247.997097315436;5939.450842281879;4211.811973154362;3443.541332214765;5898.656127516779;3531.842530201343;4442.735322147652;3160.3481912751677;5659.8266510067115;7462.7744899328845;3384.999080536913;4123.68372147651;6209.644107382551;4547.746560402684;4506.320419463088;3284.500211409396;6838.234899328859;7148.6189798657715;4067.4272885906043;7779.110302013421;7310.974352348991;2226.048322147651;3756.848291946309;8499.502795302014;3044.716251677852;3823.12938590604;4247.606234899329;3847.310822147651;2980.218003355705;7206.7133959731555
792;3453.223602941177;3598.893080882353;3298.395110294117;3263.3356470588233;3050.1540955882347;4226.163875;4963.458573529411;4372.493845588236;3709.2142867647053;4402.409823529412;6125.076551470588;3099.8352720588236;2681.205051470588;2005.7041838235293;3377.914463235294;2277.640948529412;2856.6343382352948;4068.610250000001;2026.460573529412;3438.001345588235;3726.180470588235;3770.891845588235;5409.999860294118;2108.349191176471;2448.287889705881;3950.890316176472;2413.7337573529408;4119.613830882353;2844.628088235295;3062.86725;4080.8843676470588;4437.418367647058;5877.185845588236;3092.9255147058825;4511.693617647058;5641.894352941175;5579.4128970588245;3484.5240000000013;3213.359419117647;2225.9711029411765;2226.744470588235;2731.964397058824;3211.8715147058824;2683.7740955882355;2286.8320882352937;2624.960926470588;3035.682316176471;3608.307522058824;4894.898147058823;2926.9154264705885
793;4418.32366;4662.67219;4027.244360000001;4916.50338;5000.32732;6346.3325099999975;7186.7457049999975;5184.847115;4596.45204;4571.120565;15467.497795;6386.45211;5367.4373700000015;6205.824045;5884.177565;4123.01864;4373.8208049999985;6464.440465000002;4951.633105;4960.432095;5998.82081;4796.7942299999995;6918.054885;5073.734175000001;6267.12611;4871.508445;4847.6755250000015;5655.945035;4204.01016;5987.7916449999975;5762.490625;5696.744245;9290.61807;6845.150059999999;7245.432479999998;7312.5608950000005;7908.777115000001;4718.273575;4955.88911;5178.3117299999985;6241.5752;5261.949665;5132.66115;5741.4125;6893.605720000001;9124.15137;4399.170425;6222.38731;7211.912139999998;5018.892825
794;13942.810201149428;17534.681;14565.795252873562;14307.262666666666;22826.97872413793;17604.829718390803;19361.95356896552;17862.591982758622;12315.910482758623;11028.537149425289;20973.768344827582;26946.324482758617;10811.497103448277;44357.395798850564;17127.549109195403;14225.230580459767;12922.248821839079;27961.84130459771;28196.644247126434;18231.51141954023;29357.64772413793;18915.60606321839;13521.527045977007;27061.523316091952;15868.048310344831;14722.128683908048;18386.72225862069;14349.235660919543;17701.72974137931;13879.136298850577;11291.11466091954;14550.054729885058;5026.865034482758;24856.49835632184;7896.910057471264;20352.327287356322;26121.931511494255;7928.95608045977;10636.60440229885;13755.481511494252;23979.94522413793;18027.790143678158;11841.858798850577;18921.92452873563;36218.5506091954;35632.23;7786.5094022988515;17243.487620689655;15660.682160919541;31194.181793103446
795;234220.6845518868;192136.69038679247;358401.83625;342521.06116509443;185381.36247641512;377600.3552169811;461070.6204386793;612436.74570283;279402.53988207545;308914.86931132077;256752.3125283019;164828.209245283;352222.76230660384;418583.8570849057;97488.15321698114;187632.86228773586;139584.35638679247;255574.5235424529;684258.4700188679;205575.7511698113;246380.8515566037;232202.4793207548;510238.9469103774;290548.470509434;249320.7089056604;279899.6365754717;292639.9828301887;463576.9963632076;359090.602514151;151561.27755660375;177479.84563207548;143805.33725943396;203182.7106981132;181317.6355943397;208026.0898726415;292265.6901132076;238882.2477122641;116197.81815566035;147676.5030283019;123930.49198584905;527418.5547877359;335553.20075;240026.58074056605;396737.55531132076;461995.501259434;317574.01125;123510.61066509435;265801.6406320755;249105.276278302;221221.27400471686
796;7423.755136986301;6456.195554794522;5548.357671232877;9404.1276369863;20021.69565068493;7292.599739726025;6664.694102739727;8558.660328767124;5208.444232876714;6235.809780821918;17966.907226027393;21343.057020547945;5952.36704109589;8305.410746575342;12773.016821917807;5722.670260273972;4151.751828767123;18120.04543150685;5510.477986301371;5020.016527397261;9791.330821917807;3271.8793219178083;3986.1333287671227;12172.7;10040.342308219178;6552.30912328767;7805.078164383562;13830.104157534246;15427.436678082195;4239.078287671233;1493.7941712328768;3878.719020547945;15167.714465753423;13084.793335616441;4032.4977602739727;13397.758945205478;5353.114232876712;7627.176082191781;3066.5408835616445;3650.385143835616;7254.927952054795;9267.970780821917;3166.6338835616443;11760.691657534247;10079.601712328767;16032.615006849312;5420.713760273973;3416.9679246575347;5015.044630136986;7430.3783493150695
797;4220.898047619047;3241.8171845238094;3156.577845238095;3740.940113095239;4157.717380952381;3403.9451130952393;3790.2651071428577;2723.096047619048;3546.1553988095234;2855.6033690476197;7715.423880952381;8448.637154761904;3275.6984345238093;3112.720797619047;9075.745898809524;3430.9240952380956;2810.6989107142854;4335.699291666666;3022.8850119047606;3242.497803571429;4721.712886904762;3745.584125;2888.678958333333;3526.218648809524;6501.184654761905;3771.472613095238;5421.4940000000015;3472.8321488095235;4121.884535714285;6749.95306547619;7279.916779761904;8514.001363095238;6894.476517857142;5475.982720238096;6015.676773809524;5872.175755952381;6273.671964285713;6347.324446428573;6130.704702380955;7431.950821428571;2847.389017857143;3848.782797619048;7019.371779761906;4556.031714285714;3023.016464285715;5533.239517857143;8250.104327380952;7029.5761369047605;6176.835077380953;6982.826101190476
798;3231.48535;4739.437727272728;3296.6483863636363;3852.420413636364;10045.68565;8827.538218181819;3633.4101000000014;14751.22741818182;5389.486413636363;2991.5814727272727;4615.1961909090915;2938.811722727273;4376.762568181818;15385.471318181819;4824.172350000002;5339.67325;3181.799004545455;4741.780313636365;5333.280713636364;4599.523331818182;7316.863477272727;4298.623136363636;4112.877345454545;6059.266277272727;3289.463604545455;2729.977036363637;5577.4560909090915;2535.9087045454544;6780.7896681818165;2818.173904545454;3698.1934181818183;4231.32984090909;1700.3979272727274;4030.91005;2150.1902363636364;8378.101613636363;5441.548945454545;2870.0037136363635;1535.4187181818186;2898.007231818182;13386.973818181816;4874.397749999999;3188.0189454545452;17852.257586363638;7822.8738454545455;7912.280336363637;1566.4458454545456;3009.255022727273;4934.66915;4503.351222727271
799;293088.0860181818;331866.4916590909;254144.10885454545;248828.57526363642;240804.8451;239793.16598636363;207099.56630454547;186193.48945;303098.0313727273;212841.59839090914;135511.80223636364;225652.4667590909;240373.0799318181;265011.3170227273;207744.49219090905;240202.6739636364;288459.00506818184;216425.7595;208784.16602272727;277880.98984545463;304798.5650227273;279720.4675272727;208606.0177636364;235905.8830272727;221215.6686136364;217218.11259545453;245106.4395909091;192483.84947272728;215206.9132818182;215197.87869545454;302712.6261045455;240420.0025227273;240214.0700045455;216837.67962727274;232046.71426818182;191324.80884545454;202133.14464545454;261579.21954545449;293786.50691818184;256510.9017363636;257215.4326;186454.6324181818;221654.50188636364;221603.48315909086;144506.4805;138015.61057272725;253156.5859545455;247891.7742363636;141189.37803181814;236784.3467681818
800;63826.387523529425;65564.33481764706;53289.707764705876;53685.0473;48446.9083882353;49487.63382352942;54942.42637058823;36653.73632352942;69909.39658823531;52390.07248235295;50473.902164705876;52066.67996470589;51224.81685294119;40537.91109411765;46416.24117058823;55501.805317647064;58521.50263529411;54519.37739411765;44970.29362941177;64087.015405882354;46096.79007058824;65424.63013529412;56053.05401764706;49863.900729411755;52681.75564117648;60350.78114117648;52423.36105882354;39893.47984117647;42620.27081176471;58699.91117647059;69756.66142352941;69747.90935294118;76997.17091764706;40963.5416;60245.706941176475;46422.10245882354;51205.11414705882;66503.47099411764;60694.34175882352;77718.48224117648;41013.15470588235;51293.2545;53524.095758823525;47228.688505882354;41086.96106470588;34344.6966;69760.14843529412;52869.00171764706;58609.977994117646;51132.50442352941
801;67532.96992352941;68979.04108235294;56193.651741176465;57069.42478235295;52514.63624705883;53709.23544705882;58666.31691764706;38495.79277058823;74286.11175294117;56374.033305882345;56870.62017058824;56581.09538235294;54885.84464117647;42777.70002941176;55836.65081764705;59179.213788235305;63619.704870588226;59259.479288235285;47570.755394117645;67912.8160235294;49853.61794117648;69543.76281764706;59682.75476470588;53150.968876470586;58093.269564705886;65130.60252941176;55825.90525294119;43281.68502352942;46542.03475882354;65222.59971176473;78684.87582941176;78432.0277764706;85763.0128117647;47020.94988235294;67252.35458823528;50811.21592352942;55845.252288235286;73372.1647;66811.13070588233;84026.5889117647;43432.44651764706;56264.56407058824;59638.0940882353;51922.30589411765;43668.146247058816;38144.98355882353;76380.03444705883;58032.76781764706;64149.04372941176;56288.83245294117
802;6285.3328802816895;6091.413816901409;7258.904809859154;9099.725873239437;6609.364000000001;7327.615422535212;14093.55752112676;14025.268218309859;6572.046866197183;6755.892507042254;18519.17535211268;9861.656352112675;6374.942647887324;10682.540669014086;13042.430760563378;4361.039591549295;5002.614169014085;10504.709612676055;16145.591246478873;6809.245387323944;8560.508352112676;7404.845922535213;9127.036894366198;8398.985119718309;10829.748126760564;8159.304288732393;9387.587070422536;8540.147232394365;9733.19292253521;9743.1083028169;8162.030929577465;7771.445690140845;10726.882464788732;17319.375950704223;10726.311985915492;19601.338253521124;15901.904429577466;8487.640140845071;9370.244035211266;8169.905359154929;15800.592063380283;8065.643063380281;12430.790154929578;15010.258683098591;15529.628014084507;26978.29021830986;6710.039014084508;11063.408077464788;12222.731535211267;11366.98059859155
804;8639.993072727273;8488.0755;10319.056759090909;12346.26657272727;8559.860504545455;9451.764563636363;18054.83398636364;19728.72005;9004.759472727274;7321.013045454543;14023.443354545454;9418.222913636362;8668.214068181818;15393.439763636365;11684.245095454546;5575.004059090908;5823.8659636363645;12874.773690909093;23660.94539090909;9290.962095454546;11404.570390909092;10135.388;10972.271736363637;10546.147140909092;11421.327154545454;10043.261713636364;11962.368736363635;9718.549186363636;11052.419068181818;10059.821122727275;8372.104904545455;7023.284231818182;9373.8146;18391.43674090909;10101.022404545454;21805.674781818183;16297.352895454544;8738.472009090909;10938.794636363637;8613.200781818183;22841.75174090909;9494.211181818182;13521.115436363632;17542.014781818183;16733.091913636366;27033.531581818184;7362.51914090909;11460.618127272726;14487.188140909091;13916.7962
805;1799.3966954545456;1886.239;704.5115772727272;1262.408536363636;1108.9135636363637;1560.5658636363642;1094.1109181818179;1848.9518454545453;1536.7695772727272;2181.9698045454547;1025.5991545454544;2348.44;2268.3604136363633;844.6550454545454;2031.0385454545456;734.4828545454545;2580.2335772727274;774.6211227272728;1289.585531818182;1714.5042090909092;1569.6123045454544;1346.5374590909094;857.935277272727;1212.6285954545453;1903.4280863636368;1068.8241818181818;1051.6954772727272;1137.6613772727271;1046.559131818182;1989.4453272727274;1842.1096818181816;1095.8059318181818;1736.0172318181815;1181.6512136363635;1061.808668181818;1150.838131818182;2113.1252636363643;3139.4582136363633;2430.167868181818;1868.3277363636364;671.5224727272728;1041.039040909091;2288.201418181818;1300.0651;967.2533818181821;1195.1478818181818;2164.3942363636365;1839.3584636363641;883.2380363636363;2252.587590909091
806;1312736.3605529412;1302070.5682941177;889382.1960176472;1087982.4437294118;1359926.5267470588;1014572.5308411764;808523.0249294118;690312.2465411765;1020175.6296411766;1227080.5456058823;978911.6622823528;1251143.1137235295;1219417.973076471;1020952.9264529413;1775254.0985999997;1131363.158247059;1481168.1238588234;1037766.3994352941;1093491.5707117647;1152277.254411765;1140252.3467941177;1159413.2440058824;858673.1940705881;1064449.1920294117;1529704.017876471;1150252.262911765;1006987.2713058824;828751.4059058824;1208827.1967470588;1768936.4158529409;1603977.7051411762;1259046.2345764705;1406835.8596705885;1079161.3958705885;1435980.1959764706;622264.1521294118;1143885.1437882353;1531080.0787705882;1450910.8336117647;1706262.7138411764;938390.224970588;1058707.420270588;1440800.322382353;1336247.0596294117;1005941.7514529412;958266.0176470587;1586223.4894352942;1160657.8141529409;1261618.3151294116;1437921.5577
807;9713.84755479452;10837.441993150684;7964.577952054795;9947.78980821918;7674.784054794522;9594.556726027398;12985.162431506853;12153.71328082192;9343.51247260274;6797.792636986303;17175.14982191781;10171.435;7582.209157534246;14018.457493150683;9432.325301369865;6480.827479452055;8802.535061643837;14855.602760273972;13152.024253424655;8674.792068493149;9664.851184931507;10520.239705479451;12899.302993150684;9700.540178082192;9296.147520547946;7846.506698630135;11559.801410958904;9609.258301369864;8869.541719178082;8106.395143835616;7455.345876712326;7971.332979452054;7769.795595890412;15483.342897260274;11313.350150684932;15331.834705479454;12569.96940410959;6293.423527397261;7783.591520547946;8260.815246575343;16545.130999999998;9363.264972602741;7779.63244520548;15560.710712328768;13906.29019178082;18525.66269863013;6428.4609657534265;10149.310506849317;11222.016260273973;9439.480095890407
808;16464.82863917526;15618.840680412373;10655.49;11978.705644329895;9644.069278350516;9996.751144329895;8811.557226804123;10550.77206185567;17000.879989690722;9442.299603092784;11228.147695876289;10619.427783505156;11925.488716494849;6497.156922680412;9155.067237113402;9079.395381443299;9399.689345360825;12156.695850515463;11563.276247422684;11916.71123195876;6789.460489690721;11076.627474226803;11994.278979381443;8963.066855670104;10170.626778350515;8921.84037113402;12356.279845360825;8254.226206185567;8817.822159793814;12012.6681185567;13789.573577319587;11038.405752577319;10063.634871134022;10771.102092783503;12638.79112371134;10170.36625773196;9077.047917525771;11023.505577319587;11809.255015463916;11758.908061855669;8136.208463917525;8203.235175257729;10650.8961185567;7167.111469072165;8143.744077319588;8475.82180412371;11176.578840206184;10958.088505154641;8423.570860824742;9475.365515463916
809;8528.744617647058;7018.844191176471;7079.022742647059;10691.229286764705;5790.6397352941185;8700.209977941175;5514.521764705883;10571.109397058824;10269.330904411763;6152.209389705882;10009.84136764706;4730.216720588236;8309.764191176471;8403.075551470589;3141.971661764706;4173.677948529412;5508.133507352941;7067.073441176471;6038.180279411764;7470.7496176470595;9423.105022058824;5847.801544117647;8093.095286764706;4766.048139705883;4978.798977941176;6441.090382352942;6569.760132352942;5741.0978088235315;5208.994294117648;5453.430455882353;7022.206044117646;4342.3517205882345;6520.60325;6308.538080882354;5579.168566176471;4746.112213235295;4480.261588235294;5010.111963235294;4564.386301470589;4387.421308823529;5770.7180588235315;6842.370735294117;4478.525066176471;4636.261573529412;6374.834794117646;6156.169095588236;5900.102455882354;5811.080191176471;4444.773198529412;5738.760595588234
810;36368.08985119048;23218.454119047616;23998.378660714283;30253.494952380952;28992.317898809528;33276.179553571434;30992.843476190472;31295.610244047617;29839.13326190476;22027.947107142856;68975.36929166668;46798.53032738095;23223.14586309524;27835.00745833333;38652.29980357143;30541.79082142857;25303.152267857142;40587.84698214285;24567.523636904767;29975.909619047616;34667.767595238096;27648.79132142857;34965.260696428566;28568.158416666665;37054.96430357143;27546.57398214286;38577.89717261905;25139.278285714292;31360.129732142857;40834.72248214285;47560.04186309523;58704.10453571429;57528.00961309524;60696.84202380952;56101.36935714285;73444.74893452381;56999.178577380946;39179.44480952381;34982.109869047614;37462.14529761905;23052.233732142857;43028.860785714285;39298.57275595238;40621.23053571428;38542.81888690476;53819.14907738096;34957.010101190484;50393.34389285714;38433.943744047625;37117.53639285714
811;12469.606844155845;12651.6695;17544.584051948048;17491.470370129868;8749.733259740258;15171.869655844155;18910.7710974026;21599.483870129872;17490.46505194805;9472.646110389609;15785.095623376623;10337.329642857143;12977.293616883115;27149.62642857143;5766.50338961039;9755.117493506494;9390.289545454543;13384.8974025974;15491.687220779224;12120.510383116885;21028.65946103896;13385.00242207792;14676.073155844155;12978.050077922075;9742.02303896104;14805.396194805195;13527.518876623377;13589.343188311686;10410.270357142856;7332.834564935065;10877.45392207792;10715.235759740259;9928.579266233766;16915.509694805194;13046.02696103896;22216.978525974027;11814.375194805196;7792.695675324674;8591.46748051948;6125.295980519481;22094.52457142857;19096.140019480517;9208.500837662337;11027.337909090907;15526.962188311687;12185.602941558442;10580.72551948052;11601.293305194808;11976.75244155844;10406.98072077922
814;27085.488808139533;22515.04588953488;29542.568436046513;28897.029633720933;27733.219116279062;24983.373918604648;32731.615662790697;24841.30293023256;24647.483889534884;22429.839058139536;40755.11588372093;39471.01085465116;26001.4536627907;25164.530877906967;23015.21448255813;26788.674226744188;30114.220848837213;32698.920476744184;21041.02858139535;29197.21885465116;28156.090197674414;27924.99798837209;30105.80774418605;27271.070790697675;27531.84423255813;31423.954406976743;25490.362046511626;27958.511017441866;24162.51073837209;28651.813337209303;35875.86166860465;35964.30614534884;38943.67830813953;39448.87250581395;45500.807273255814;44686.52520348837;38003.214709302316;35266.62429651163;32487.66650581395;27949.001476744186;25530.25998255813;36667.72097674419;29301.357790697675;22184.250412790698;25878.19442441861;29285.1548255814;26056.252162790694;32474.58909883721;21536.720691860464;31903.35073255813
815;20109.083471590908;20773.184431818183;34561.82413636364;33848.51405681818;13922.171727272727;25421.476875000004;27869.770375;37811.40998295455;29980.75897727273;12829.358653409086;30446.346346590904;22999.218818181816;23281.54331818181;40918.95504545455;14506.550005681818;14473.842181818181;16488.0279375;24978.360806818182;32365.312607954547;25907.490454545456;35083.95267613637;21026.710556818183;23775.25676704545;22514.84563068181;24982.967772727272;22225.48807386364;17623.907079545457;16842.00052840909;12193.307534090909;22762.09422727273;24643.662750000003;29592.184971590912;20469.441107954543;35120.64977272727;26332.079943181816;44869.147943181815;26990.470625;17937.523215909092;15919.483857954543;22356.955477272728;31090.961755681816;28066.0963125;23139.046170454545;24195.245670454548;20878.02067045454;28759.639517045463;25232.937431818184;29925.184732954545;31059.886267045455;26095.132846590903
816;195222.5670774648;204849.09042957745;202883.09699295773;277802.18884507037;196309.3286830986;204191.5556549296;222418.41741549294;261933.71155633804;236669.20327464788;201891.2781267606;211910.27976760565;236232.52891549296;186308.34802816896;225077.78631690145;274504.94032394374;215782.2968309859;238224.1295774648;239956.31795774648;208933.1720422535;234007.86964084505;228555.1695492957;212072.15591549297;187425.27411971832;260559.5339507043;286970.695;238015.7363239436;216301.17192253523;169223.7736408451;261342.4603028169;220951.53186619718;188102.4017253521;189894.74321830986;169719.67266197182;194876.70722535206;227988.59316197183;254842.56888028173;178379.52947887324;201332.06679577465;203593.2721760564;296219.23774647893;255945.19735915487;243088.50825352108;214730.90914788735;220562.4531126761;292899.0174225352;198538.03783098594;181417.0920422536;200250.62856338028;199186.92904225359;281588.8623873239
817;49809.29917857143;53004.46022142856;46280.9209;56884.797471428574;49071.196328571416;50957.981692857145;55208.34445714286;62236.74072142858;41069.02048571429;38652.32095;103260.88760714287;65589.27322142858;48496.296421428575;42252.44565714286;62761.122678571424;38775.85941428571;55200.58953571428;73718.23582142856;47345.54147857144;51305.158421428576;52775.15181428573;52844.6386;63094.04809285715;64955.93259999999;53383.230007142854;62286.18051428571;58508.0921;54884.035307142854;45610.14772142856;53119.29012857143;49912.0481;56248.529671428565;82679.07772142856;48127.34045;66157.65545;66428.98822857143;37608.1709;49893.17046428572;63787.34769285714;76898.63017857145;64986.94195714286;65858.46007857143;56517.30606428572;63410.67529285714;64567.93940714286;61933.15574285715;59188.689307142864;50301.07526428573;57609.154421428575;52013.276671428575
818;215065.07092934786;185611.8423804348;226199.7318369565;192674.57117934784;149679.18096739132;159247.30575;200988.55867934786;156742.04342934786;215165.5269891304;123143.27624456525;85638.49101086958;156106.55734239132;173449.55929891302;214337.02061956518;152916.06941847823;202655.22029891305;149539.039625;171109.06848369565;162804.6366847826;188256.79514130435;231937.88854347827;210645.3872771739;167589.02673913044;166513.9432880435;143625.41950543478;188063.6381086956;187775.13842934786;132785.87080434785;135882.2683804348;124880.44808152175;130757.69342934786;174341.28519021734;98706.50480978262;114650.8225652174;162160.01970108695;161034.3370978261;126326.42314673914;136442.50084782607;150752.91629347825;145933.2128478261;219249.18829891304;201182.3279076087;139153.8906902174;109044.72671739133;138749.39892391305;91733.39248913043;131117.18675;185084.12954891304;111309.68559782607;154431.41382065215
819;30490.88790625;40400.1008046875;59104.9186796875;53673.6621796875;22278.078421875;17074.1240703125;45111.4104296875;15130.936078125;17309.2208125;18212.9444296875;74978.88177343749;90535.47082031248;14526.6851953125;41307.79020312501;54758.8837578125;20448.0147421875;17524.752320312502;128604.41088281247;44001.178703125;30264.387523437486;15943.435921875;24253.8127109375;26227.960359375;40450.109046875;48805.45321875;31804.34765625;48406.1027890625;47368.4868046875;25933.7402578125;78882.8939140625;47433.964640625;49427.249953125;68809.1356875;41103.6661171875;95386.3195390625;303483.8432578125;12315.4908359375;26390.042515625;76134.0273828125;26598.7416875;69741.5084375;80797.961734375;77265.86678124999;95719.832234375;17351.576046875;6522.7258203125;42450.631125;71318.3172578125;39079.21215625;98867.76215625
820;13283.886559701494;12437.341253731345;14848.27452238806;15256.314626865671;9832.566283582093;11710.137126865671;12579.374417910449;18312.20819402985;13125.142291044775;13257.267238805971;9999.160552238804;7049.94482835821;9504.27164925373;9398.482149253732;3338.531970149254;9562.743417910448;9024.732731343283;11746.051776119402;9142.383932835824;14061.969440298508;11601.311074626863;12445.286074626863;20500.743029850746;8151.926619402986;6277.464;12734.084156716415;6816.81773880597;15189.775686567164;7273.954985074626;5658.515776119403;7392.877985074627;9543.162873134328;8691.161820895524;7518.74743283582;8643.627910447758;11933.453858208955;19577.663776119403;7710.925380597017;4335.120597014926;4897.5064253731325;7905.587559701493;9111.572335820896;8221.094708955223;6172.883731343284;9365.292985074628;11006.163171641787;8764.360589552238;10196.06006716418;8023.844052238807;4605.628962686566
821;13069.550067708335;10388.082229166666;12977.423479166668;10099.25284375;7338.514046875;8378.44465625;7961.944661458332;6692.127859375;9806.523911458333;6175.155385416668;6705.478911458334;8764.17965625;11471.926833333333;6761.1415729166665;5126.59471875;7239.4140000000025;6581.914380208334;11803.813317708333;6537.296036458332;12483.616541666664;8441.612401041666;10807.650500000002;9414.804953125;5934.566083333334;9261.257432291666;8543.449864583334;11264.630625;6110.045520833334;8488.709135416666;7755.100869791666;8337.512260416666;10844.666322916666;8464.002765625;6970.505432291668;10097.354791666667;8018.2813541666665;9242.379182291666;9941.030197916667;10565.754546875;9453.161046875;6195.340708333332;9708.2228125;9844.838557291667;5088.536057291666;5667.942197916666;5075.360296874999;7482.820218749999;12693.464677083335;3893.5316875;8675.388151041667
822;764.5915460526317;531.3861776315789;694.3989736842105;851.3927105263158;610.1321578947369;842.2553092105263;436.21001973684196;423.44486184210524;1035.037197368421;391.88278289473686;1210.0112302631578;1423.3554934210526;1053.9605394736839;952.6484276315787;504.8969013157895;564.9349013157895;1026.9250197368422;755.5990460526317;313.3478355263158;1113.1541513157897;1279.0847763157894;656.815177631579;783.9507631578947;617.2098355263157;665.40725;808.7364736842105;722.461125;708.7120592105263;393.77923684210526;934.6562894736842;1154.0495460526315;1177.7486907894736;2659.954414473684;628.8209802631577;1100.939592105263;965.1185131578948;962.6593947368422;1215.3486184210526;951.9186578947368;504.37114473684204;312.92569736842097;627.8195986842105;949.9901644736842;109.05151315789473;213.49100657894738;483.28440131578935;1100.6990657894735;1025.3087763157896;310.7308486842105;821.020894736842
823;2742.565192307692;2808.012324175824;2568.898357142857;2931.975247252747;3516.569840659341;2748.914142857143;3888.204983516484;2551.7304230769228;2403.055637362637;3678.7669010989007;7917.499269230769;5235.960241758242;2478.641483516484;3001.3887912087907;4973.380439560438;2500.268571428571;3344.461445054945;5420.129763736263;3220.5756923076924;3185.81078021978;2759.7579010989007;3010.2826043956043;2828.919576923077;3074.087269230769;3973.523571428572;2856.8467527472526;3289.5183021978028;3704.6640219780224;4175.696082417582;5029.815032967033;4095.744989010989;4395.662978021978;6058.637423076924;5364.874730769231;4458.138791208791;5964.644521978023;7928.659538461539;4370.630445054945;4148.448005494505;6790.479714285715;3361.9702582417585;3118.5553791208795;4148.936642857142;4860.957697802198;4658.683945054945;7104.827785714288;3659.937043956044;2891.453516483516;6101.669126373627;4867.060384615385
825;2849.7891438356164;2142.485547945206;3207.5894452054804;1192.261198630137;1171.768390410959;4028.7788767123293;1306.8501301369865;1586.7512808219178;3781.473212328767;1448.9558013698636;4964.128452054793;7350.268684931508;1581.6355136986301;931.7621438356163;1633.7153698630136;2738.9824657534245;1088.0779794520552;3003.2872534246576;799.9080958904109;1348.2814657534248;2265.792369863013;2187.384493150685;3165.3455890410955;2680.1203356164388;2240.586465753425;1558.9874315068494;2463.597205479452;5188.026506849315;1012.9351780821918;1180.155404109589;2494.6115;5010.863561643836;11625.301075342468;3013.706979452055;4040.8397123287673;3965.059315068493;5394.242075342466;5379.8620479452065;3742.498815068493;907.8514178082193;895.0252808219177;1199.729410958904;5230.213301369863;992.8579383561644;940.1989657534247;3501.0184589041087;3611.9367328767134;6803.887136986301;1142.4596712328764;1900.5387945205482
828;1769.5993460000002;1261.491468;981.576766;1383.922765;1963.0348920000001;1620.2434050000006;1563.785079;1271.885798;1239.762918;1498.352294;5170.464239;3336.383044;1511.8645;1189.274303;4600.648717;1664.375753;1582.829721;2430.704011;1147.369183;1381.24511;1346.173378;1414.4004009999999;1519.4089999999999;1503.954084;2810.276151;1467.895753;1862.141621;1631.929125;2070.002613;3329.6675;3401.976264;3465.5857170000004;4166.085167;3669.1487460000003;2954.684685;3234.653973;3646.4124020000004;3112.8887449999997;2667.568159;3302.342744;1025.872486;1838.471702;2775.961738;2161.683246;1843.9426079999998;4496.465188;2483.513773;2800.439881;2585.328923;2846.413453
829;1778.67887;1630.938744;1864.393818;1558.481861;952.9316779999999;1363.784147;1690.0446780000002;1387.17686;2061.471591;1259.357585;2600.923065;1942.8448420000002;1490.75001;1202.597541;1288.3420820000001;1429.329843;1297.3900720000001;1625.816657;1570.278169;1625.5525810000001;1444.834722;2053.9340429999997;1515.2496230000006;1284.083741;1719.579236;1536.38211;1478.673164;1021.26632;1273.7637439999999;1908.989938;1595.557972;1924.6402690000002;2029.028447;1926.0353010000001;2288.723603;1927.626795;1534.9822359999994;1920.3959350000002;2330.3109449999997;2192.3251530000002;1305.9613960000001;1274.283675;2021.3981210000002;1053.052732;1263.277299;1594.64167;2221.564661;1932.000598;2057.991523;1541.4812550000001
830;9910.982070999999;8538.826579999999;9616.711117;10413.077556999999;9851.397648;9854.860606;16040.964538999999;14624.844616999999;7922.350062;8897.990576;19324.888162;11766.499829999999;7860.287767;12080.320192000001;6580.759368;7918.728019;8071.394036;14594.686209;12387.782767;8458.733497;8995.593215;10728.798619;12420.010693;10622.51793;11013.451873;9606.62334;10080.287606999998;10347.614431999997;12290.25823;7236.895069;8153.205393000001;8581.914468;11801.762335;14626.744658000001;13878.736135;15257.040238999998;16701.820299000006;8098.956224;9706.642389;7841.707381;14626.664232;7571.678011;7900.842017;14468.09949;18910.391023;16340.32496;6203.289569;11909.546941;8967.945681000001;9957.732155
832;83493.79501388887;84794.66526388889;107053.73643055557;86763.42227777778;112483.72502083334;98606.68856944444;102720.62786805557;114550.62779861115;83009.58001388889;148126.6759861111;88104.32399305557;50564.39572916666;110220.33659027779;117044.5976527778;57038.298777777774;107066.89378472224;89286.35245833332;83700.35427083334;93748.34775694444;75962.06154166668;103310.82676388886;93927.8140625;78012.51025694446;104248.17514583332;44967.02391666666;83660.30059027778;111655.33682638893;143203.6597013889;142888.5298611111;66149.03409722223;52067.06708333334;53391.782868055554;73517.94579861111;51063.39579166667;48449.71075;64135.908319444454;75299.73993055553;49536.41554861111;47660.352;51491.26397916666;131756.1755625;99570.75372916668;58179.35802083332;80705.60383333333;117454.06117361113;71692.072375;58553.77300000001;44535.571027777776;79459.65163194442;65985.3380625
833;82034.73177027027;82855.88182432433;104214.9182837838;84586.95825675676;109558.62795270268;96370.6587972973;100222.01138513512;111773.87657432431;81657.2683310811;144069.98366891893;85872.09071621622;49895.97530405405;106788.50231756756;113469.02470270268;56694.61112162162;104112.20906756756;86502.43411486487;81332.93277027027;91995.73645945944;73764.03663513514;101602.36277027028;91161.21297297296;76032.43047297296;102942.77550675676;43918.59977702703;81408.99458783782;109788.30020945946;140427.94679729728;138560.2640945946;64614.73897297298;51571.384209459466;52671.82159459459;72417.21659459459;50082.763567567556;46862.1115;63384.65151351353;73196.27992567567;48102.11583783784;46081.289763513516;49514.51466891891;128126.20526351352;96742.25826351352;57203.5905608108;78502.41073648648;115013.08435135135;69787.59377702702;57128.61464189189;43258.50610135135;77309.76972297298;63613.60099324325
834;71112.9151506024;94121.68771084335;86365.55720481928;86168.09419879518;65685.74689156628;73819.25056626508;105976.22362650603;90624.99954216868;74343.06656024097;78987.10865060241;92569.87387349397;58452.42009036143;75017.21008433735;151393.42409638554;39511.0386566265;52759.02778313253;86814.72187951808;106582.18254216867;70077.10122891566;73957.00657831326;87791.49763855421;88119.80152409639;92276.93957228916;74648.88635542168;42838.214463855424;73094.38900000001;74928.07675903615;70835.4428433735;69163.43973493976;44018.18226506023;53660.680837349384;40994.35746385543;58885.378409638564;62770.80706626506;60034.87050000001;82466.15706024096;79338.12421686747;51965.49643975903;70396.31690963855;30492.16077710844;155926.8685;78471.49725903613;62045.312933734924;88989.84773493977;79632.76013855422;60262.513885542176;51148.364777108436;57236.33322891566;64125.08418674697;57782.97557228916
835;37642.19576190476;43035.24799404762;46246.152797619055;36285.95491666667;28927.37386309524;39573.17025;42050.844833333336;34768.17043452381;45250.18298809524;49153.572047619055;37458.702148809534;27836.081059523814;42400.54480952382;40226.4119047619;20222.264410714288;39896.61800595238;40517.70702380952;40961.49486309524;28121.43229166667;37224.857357142864;40620.54895833334;49621.17041071429;39483.296446428576;37386.24335119048;20230.764714285717;36709.804523809515;33935.89586309524;38323.96103571429;41818.27400000001;22664.273821428575;22535.126101190475;28160.968220238097;31096.221410714286;25611.80631547619;28287.744970238087;28417.64281547618;21817.705386904763;27588.500041666666;32049.687625;21641.587880952382;40452.00405952382;42007.473464285715;26123.65245833333;19661.55002976191;32493.367226190472;21032.87998214286;30032.332440476188;25802.884285714288;32276.897464285717;21496.64269642857
836;3834.375183544304;2906.576702531645;5309.374360759494;4909.210227848102;6087.8377784810145;5520.052512658228;5822.575525316456;7307.8754620253185;3451.612335443038;10384.164253164558;7644.338670886075;2913.461120253165;4191.504101265823;6519.599170886076;3687.776056962026;4254.231778481013;3836.428905063291;4464.435265822785;4876.373626582279;3345.8547531645568;4581.444702531645;4445.2807848101265;5215.229196202532;4760.967746835443;2261.611860759493;4509.612284810126;4504.659803797469;11957.704582278478;9129.143879746836;3884.8453291139253;3049.1124620253167;3402.8489177215192;4855.73401898734;3655.7252974683547;3656.856664556962;4292.634810126582;6080.674373417724;2772.478158227848;1922.9474050632919;2741.7729430379745;6043.7543164556955;5464.028398734178;3396.830417721519;6792.42874050633;8949.642493670886;6518.359810126583;3041.7432088607593;2739.63117721519;4721.222430379747;3980.960537974684
837;40021.657379310345;32578.359396551725;60721.24179310345;46733.24877586206;71725.27163218391;69897.5093908046;38647.898425287356;61849.00678735633;39239.4116954023;121370.12531034484;23297.845431034482;14922.754074712642;61854.553091954025;62934.769252873564;24667.051666666666;62755.27651724138;44884.67333908046;32276.305183908047;50255.1454770115;37044.097425287364;59098.86727586207;47332.9706091954;34698.94282758621;64465.34227586207;13035.530229885058;41217.30035632184;65342.387971264376;116845.58105172412;117854.60137931035;29143.150591954014;20020.318643678158;20041.763;27808.600206896543;17151.883603448277;13317.373764367818;19326.92195402299;25736.877310344826;15703.413385057469;12585.623821839079;18296.84742528736;54805.78522413794;61786.13485057473;19542.654827586208;30940.055068965517;69514.20063793102;25682.46754022988;23016.393896551734;12220.04017816092;26783.917201149423;27035.03442528736
838;43216.62276506024;34825.80802409639;64625.240481927714;49966.321186746994;76187.52663855423;74495.78271084338;41571.675945783136;66116.90198192773;41940.711132530116;130026.62403012053;25150.50019879519;16337.888012048194;66533.45734939759;66126.179;27360.36331927712;67727.95954819277;48050.60961445783;35079.683656626505;53600.912234939766;38884.04786144578;62495.265301204825;50228.86366867469;36629.195114457834;68581.16609638554;13885.947849397593;43795.053421686745;69582.76743975906;125728.53043975904;126433.36813855426;31205.970433734936;21563.62580722892;22087.249831325298;29590.48992168675;18463.680969879515;14465.420608433735;20641.436030120483;28485.03862048192;17338.441837349397;13570.781987951805;19637.674897590365;57140.249234939765;67309.3299879518;21073.10370481928;32646.514295180717;74396.16422289156;27514.889692771085;24798.51848192772;13405.484204819275;28682.430903614448;28834.681397590368
